[{"objects":[{"detection":{"bounding_box":{"x_max":0.7603726983070374,"x_min":0.6951742172241211,"y_max":0.901045024394989,"y_min":0.6698148846626282},"confidence":0.5234774947166443,"label":"person","label_id":1},"h":100,"id":1,"region_id":154,"roi_type":"person","w":50,"x":534,"y":289}],"resolution":{"height":432,"width":768},"timestamp":2500000000},
{"objects":[{"detection":{"bounding_box":{"x_max":0.7604166666666666,"x_min":0.6953125,"y_max":0.900462962962963,"y_min":0.6689814814814815},"confidence":1.0,"label":"person","label_id":1},"h":100,"id":1,"region_id":191,"roi_type":"person","w":50,"x":534,"y":289}],"resolution":{"height":432,"width":768},"timestamp":2583333333},
{"objects":[{"detection":{"bounding_box":{"x_max":0.7604166666666666,"x_min":0.6953125,"y_max":0.900462962962963,"y_min":0.6689814814814815},"confidence":1.0,"label":"person","label_id":1},"h":100,"id":1,"region_id":193,"roi_type":"person","w":50,"x":534,"y":289}],"resolution":{"height":432,"width":768},"timestamp":2666666666},
{"objects":[{"detection":{"bounding_box":{"x_max":0.7604166666666666,"x_min":0.6953125,"y_max":0.900462962962963,"y_min":0.6689814814814815},"confidence":1.0,"label":"person","label_id":1},"h":100,"id":1,"region_id":195,"roi_type":"person","w":50,"x":534,"y":289}],"resolution":{"height":432,"width":768},"timestamp":2750000000},
{"objects":[{"detection":{"bounding_box":{"x_max":0.7604166666666666,"x_min":0.6953125,"y_max":0.900462962962963,"y_min":0.6689814814814815},"confidence":1.0,"label":"person","label_id":1},"h":100,"id":1,"region_id":197,"roi_type":"person","w":50,"x":534,"y":289}],"resolution":{"height":432,"width":768},"timestamp":2833333333},
{"objects":[{"detection":{"bounding_box":{"x_max":0.7604166666666666,"x_min":0.6953125,"y_max":0.900462962962963,"y_min":0.6689814814814815},"confidence":1.0,"label":"person","label_id":1},"h":100,"id":1,"region_id":199,"roi_type":"person","w":50,"x":534,"y":289}],"resolution":{"height":432,"width":768},"timestamp":2916666666},
{"objects":[{"detection":{"bounding_box":{"x_max":0.7604166666666666,"x_min":0.6953125,"y_max":0.900462962962963,"y_min":0.6689814814814815},"confidence":1.0,"label":"person","label_id":1},"h":100,"id":1,"region_id":201,"roi_type":"person","w":50,"x":534,"y":289}],"resolution":{"height":432,"width":768},"timestamp":3000000000},
{"objects":[{"detection":{"bounding_box":{"x_max":0.7604166666666666,"x_min":0.6953125,"y_max":0.900462962962963,"y_min":0.6689814814814815},"confidence":1.0,"label":"person","label_id":1},"h":100,"id":1,"region_id":203,"roi_type":"person","w":50,"x":534,"y":289}],"resolution":{"height":432,"width":768},"timestamp":3083333333},
{"objects":[{"detection":{"bounding_box":{"x_max":0.7604166666666666,"x_min":0.6953125,"y_max":0.900462962962963,"y_min":0.6689814814814815},"confidence":1.0,"label":"person","label_id":1},"h":100,"id":1,"region_id":205,"roi_type":"person","w":50,"x":534,"y":289}],"resolution":{"height":432,"width":768},"timestamp":3166666666},
{"objects":[{"detection":{"bounding_box":{"x_max":0.7604166666666666,"x_min":0.6953125,"y_max":0.900462962962963,"y_min":0.6689814814814815},"confidence":1.0,"label":"person","label_id":1},"h":100,"id":1,"region_id":207,"roi_type":"person","w":50,"x":534,"y":289}],"resolution":{"height":432,"width":768},"timestamp":3250000000},
{"objects":[{"detection":{"bounding_box":{"x_max":0.7604166666666666,"x_min":0.6953125,"y_max":0.900462962962963,"y_min":0.6689814814814815},"confidence":1.0,"label":"person","label_id":1},"h":100,"id":1,"region_id":209,"roi_type":"person","w":50,"x":534,"y":289}],"resolution":{"height":432,"width":768},"timestamp":3333333333},
{"objects":[{"detection":{"bounding_box":{"x_max":0.7604166666666666,"x_min":0.6953125,"y_max":0.900462962962963,"y_min":0.6689814814814815},"confidence":1.0,"label":"person","label_id":1},"h":100,"id":1,"region_id":211,"roi_type":"person","w":50,"x":534,"y":289}],"resolution":{"height":432,"width":768},"timestamp":3416666666},
{"objects":[{"detection":{"bounding_box":{"x_max":0.7604166666666666,"x_min":0.6953125,"y_max":0.900462962962963,"y_min":0.6689814814814815},"confidence":1.0,"label":"person","label_id":1},"h":100,"id":1,"region_id":213,"roi_type":"person","w":50,"x":534,"y":289}],"resolution":{"height":432,"width":768},"timestamp":3500000000},
{"objects":[{"detection":{"bounding_box":{"x_max":0.7604166666666666,"x_min":0.6953125,"y_max":0.900462962962963,"y_min":0.6689814814814815},"confidence":1.0,"label":"person","label_id":1},"h":100,"id":1,"region_id":215,"roi_type":"person","w":50,"x":534,"y":289}],"resolution":{"height":432,"width":768},"timestamp":3583333333},
{"objects":[{"detection":{"bounding_box":{"x_max":0.7604166666666666,"x_min":0.6953125,"y_max":0.900462962962963,"y_min":0.6689814814814815},"confidence":1.0,"label":"person","label_id":1},"h":100,"id":1,"region_id":217,"roi_type":"person","w":50,"x":534,"y":289}],"resolution":{"height":432,"width":768},"timestamp":3666666666},
{"objects":[{"detection":{"bounding_box":{"x_max":0.7604166666666666,"x_min":0.6953125,"y_max":0.900462962962963,"y_min":0.6689814814814815},"confidence":1.0,"label":"person","label_id":1},"h":100,"id":1,"region_id":219,"roi_type":"person","w":50,"x":534,"y":289}],"resolution":{"height":432,"width":768},"timestamp":3750000000},
{"objects":[{"detection":{"bounding_box":{"x_max":0.7604166666666666,"x_min":0.6953125,"y_max":0.900462962962963,"y_min":0.6689814814814815},"confidence":1.0,"label":"person","label_id":1},"h":100,"id":1,"region_id":221,"roi_type":"person","w":50,"x":534,"y":289}],"resolution":{"height":432,"width":768},"timestamp":3833333333},
{"objects":[{"detection":{"bounding_box":{"x_max":0.7604166666666666,"x_min":0.6953125,"y_max":0.900462962962963,"y_min":0.6689814814814815},"confidence":1.0,"label":"person","label_id":1},"h":100,"id":1,"region_id":223,"roi_type":"person","w":50,"x":534,"y":289}],"resolution":{"height":432,"width":768},"timestamp":3916666666},
{"objects":[{"detection":{"bounding_box":{"x_max":0.7604166666666666,"x_min":0.6953125,"y_max":0.900462962962963,"y_min":0.6689814814814815},"confidence":1.0,"label":"person","label_id":1},"h":100,"id":1,"region_id":227,"roi_type":"person","w":50,"x":534,"y":289}],"resolution":{"height":432,"width":768},"timestamp":4000000000},
{"objects":[{"detection":{"bounding_box":{"x_max":0.7604166666666666,"x_min":0.6953125,"y_max":0.900462962962963,"y_min":0.6689814814814815},"confidence":1.0,"label":"person","label_id":1},"h":100,"id":1,"region_id":229,"roi_type":"person","w":50,"x":534,"y":289}],"resolution":{"height":432,"width":768},"timestamp":4083333333},
{"objects":[{"detection":{"bounding_box":{"x_max":0.7604166666666666,"x_min":0.6953125,"y_max":0.900462962962963,"y_min":0.6689814814814815},"confidence":1.0,"label":"person","label_id":1},"h":100,"id":1,"region_id":231,"roi_type":"person","w":50,"x":534,"y":289}],"resolution":{"height":432,"width":768},"timestamp":4166666666},
{"objects":[{"detection":{"bounding_box":{"x_max":0.7604166666666666,"x_min":0.6953125,"y_max":0.900462962962963,"y_min":0.6689814814814815},"confidence":1.0,"label":"person","label_id":1},"h":100,"id":1,"region_id":233,"roi_type":"person","w":50,"x":534,"y":289}],"resolution":{"height":432,"width":768},"timestamp":4250000000},
{"objects":[{"detection":{"bounding_box":{"x_max":0.7604166666666666,"x_min":0.6953125,"y_max":0.900462962962963,"y_min":0.6689814814814815},"confidence":1.0,"label":"person","label_id":1},"h":100,"id":1,"region_id":235,"roi_type":"person","w":50,"x":534,"y":289}],"resolution":{"height":432,"width":768},"timestamp":4333333333},
{"objects":[{"detection":{"bounding_box":{"x_max":0.7604166666666666,"x_min":0.6953125,"y_max":0.900462962962963,"y_min":0.6689814814814815},"confidence":1.0,"label":"person","label_id":1},"h":100,"id":1,"region_id":237,"roi_type":"person","w":50,"x":534,"y":289}],"resolution":{"height":432,"width":768},"timestamp":4416666666},
{"objects":[{"detection":{"bounding_box":{"x_max":0.7604166666666666,"x_min":0.6953125,"y_max":0.900462962962963,"y_min":0.6689814814814815},"confidence":1.0,"label":"person","label_id":1},"h":100,"id":1,"region_id":239,"roi_type":"person","w":50,"x":534,"y":289}],"resolution":{"height":432,"width":768},"timestamp":4500000000},
{"objects":[{"detection":{"bounding_box":{"x_max":0.7604166666666666,"x_min":0.6953125,"y_max":0.900462962962963,"y_min":0.6689814814814815},"confidence":1.0,"label":"person","label_id":1},"h":100,"id":1,"region_id":241,"roi_type":"person","w":50,"x":534,"y":289}],"resolution":{"height":432,"width":768},"timestamp":4583333333},
{"objects":[{"detection":{"bounding_box":{"x_max":0.7604166666666666,"x_min":0.6953125,"y_max":0.900462962962963,"y_min":0.6689814814814815},"confidence":1.0,"label":"person","label_id":1},"h":100,"id":1,"region_id":243,"roi_type":"person","w":50,"x":534,"y":289}],"resolution":{"height":432,"width":768},"timestamp":4666666666},
{"objects":[{"detection":{"bounding_box":{"x_max":0.7604166666666666,"x_min":0.6953125,"y_max":0.900462962962963,"y_min":0.6689814814814815},"confidence":1.0,"label":"person","label_id":1},"h":100,"id":1,"region_id":245,"roi_type":"person","w":50,"x":534,"y":289}],"resolution":{"height":432,"width":768},"timestamp":4750000000},
{"objects":[{"detection":{"bounding_box":{"x_max":0.7604166666666666,"x_min":0.6953125,"y_max":0.900462962962963,"y_min":0.6689814814814815},"confidence":1.0,"label":"person","label_id":1},"h":100,"id":1,"region_id":247,"roi_type":"person","w":50,"x":534,"y":289}],"resolution":{"height":432,"width":768},"timestamp":4833333333},
{"objects":[{"detection":{"bounding_box":{"x_max":0.7604166666666666,"x_min":0.6953125,"y_max":0.900462962962963,"y_min":0.6689814814814815},"confidence":1.0,"label":"person","label_id":1},"h":100,"id":1,"region_id":249,"roi_type":"person","w":50,"x":534,"y":289}],"resolution":{"height":432,"width":768},"timestamp":4916666666},
{"objects":[{"detection":{"bounding_box":{"x_max":0.9051970839500427,"x_min":0.8348730206489563,"y_max":0.5899946689605713,"y_min":0.37379616498947144},"confidence":0.5187368988990784,"label":"person","label_id":1},"h":93,"id":2,"region_id":225,"roi_type":"person","w":54,"x":641,"y":161},{"detection":{"bounding_box":{"x_max":0.7604166666666666,"x_min":0.6953125,"y_max":0.900462962962963,"y_min":0.6689814814814815},"confidence":1.0,"label":"person","label_id":1},"h":100,"id":1,"region_id":251,"roi_type":"person","w":50,"x":534,"y":289}],"resolution":{"height":432,"width":768},"timestamp":5000000000},
{"objects":[{"detection":{"bounding_box":{"x_max":0.9049479166666666,"x_min":0.8346354166666666,"y_max":0.5856481481481481,"y_min":0.3726851851851852},"confidence":1.0,"label":"person","label_id":1},"h":92,"id":2,"region_id":253,"roi_type":"person","w":54,"x":641,"y":161}],"resolution":{"height":432,"width":768},"timestamp":5083333333},
{"objects":[{"detection":{"bounding_box":{"x_max":0.9049479166666666,"x_min":0.8346354166666666,"y_max":0.5856481481481481,"y_min":0.3726851851851852},"confidence":1.0,"label":"person","label_id":1},"h":92,"id":2,"region_id":255,"roi_type":"person","w":54,"x":641,"y":161}],"resolution":{"height":432,"width":768},"timestamp":5166666666},
{"objects":[{"detection":{"bounding_box":{"x_max":0.9049479166666666,"x_min":0.8346354166666666,"y_max":0.5856481481481481,"y_min":0.3726851851851852},"confidence":1.0,"label":"person","label_id":1},"h":92,"id":2,"region_id":257,"roi_type":"person","w":54,"x":641,"y":161}],"resolution":{"height":432,"width":768},"timestamp":5250000000},
{"objects":[{"detection":{"bounding_box":{"x_max":0.9049479166666666,"x_min":0.8346354166666666,"y_max":0.5833333333333333,"y_min":0.37037037037037035},"confidence":1.0,"label":"person","label_id":1},"h":92,"id":2,"region_id":259,"roi_type":"person","w":54,"x":641,"y":160}],"resolution":{"height":432,"width":768},"timestamp":5333333333},
{"objects":[{"detection":{"bounding_box":{"x_max":0.9049479166666666,"x_min":0.8346354166666666,"y_max":0.5833333333333333,"y_min":0.37037037037037035},"confidence":1.0,"label":"person","label_id":1},"h":92,"id":2,"region_id":261,"roi_type":"person","w":54,"x":641,"y":160}],"resolution":{"height":432,"width":768},"timestamp":5416666666},
{"objects":[{"detection":{"bounding_box":{"x_max":0.9049479166666666,"x_min":0.8346354166666666,"y_max":0.5833333333333333,"y_min":0.37037037037037035},"confidence":1.0,"label":"person","label_id":1},"h":92,"id":2,"region_id":263,"roi_type":"person","w":54,"x":641,"y":160}],"resolution":{"height":432,"width":768},"timestamp":5500000000},
{"objects":[{"detection":{"bounding_box":{"x_max":0.9049479166666666,"x_min":0.8346354166666666,"y_max":0.5810185185185186,"y_min":0.3680555555555556},"confidence":1.0,"label":"person","label_id":1},"h":92,"id":2,"region_id":265,"roi_type":"person","w":54,"x":641,"y":159}],"resolution":{"height":432,"width":768},"timestamp":5583333333},
{"objects":[{"detection":{"bounding_box":{"x_max":0.9049479166666666,"x_min":0.8346354166666666,"y_max":0.5810185185185186,"y_min":0.3680555555555556},"confidence":1.0,"label":"person","label_id":1},"h":92,"id":2,"region_id":267,"roi_type":"person","w":54,"x":641,"y":159}],"resolution":{"height":432,"width":768},"timestamp":5666666666},
{"objects":[{"detection":{"bounding_box":{"x_max":0.9049479166666666,"x_min":0.8346354166666666,"y_max":0.5787037037037037,"y_min":0.36574074074074076},"confidence":1.0,"label":"person","label_id":1},"h":92,"id":2,"region_id":269,"roi_type":"person","w":54,"x":641,"y":158}],"resolution":{"height":432,"width":768},"timestamp":5750000000},
{"objects":[{"detection":{"bounding_box":{"x_max":0.9608046412467957,"x_min":0.9044409990310669,"y_max":0.5100806951522827,"y_min":0.3141835927963257},"confidence":0.5624785423278809,"label":"person","label_id":1},"h":85,"id":2,"region_id":224,"roi_type":"person","w":43,"x":695,"y":136}],"resolution":{"height":432,"width":768},"timestamp":5833333333},
{"objects":[{"detection":{"bounding_box":{"x_max":0.9557291666666667,"x_min":0.8958333333333334,"y_max":0.5138888888888888,"y_min":0.3148148148148148},"confidence":1.0,"label":"person","label_id":1},"h":86,"id":2,"region_id":272,"roi_type":"person","w":46,"x":688,"y":136}],"resolution":{"height":432,"width":768},"timestamp":5916666666},
{"objects":[{"detection":{"bounding_box":{"x_max":0.9609375,"x_min":0.9010416666666666,"y_max":0.5092592592592593,"y_min":0.3101851851851852},"confidence":1.0,"label":"person","label_id":1},"h":86,"id":2,"region_id":274,"roi_type":"person","w":46,"x":692,"y":134}],"resolution":{"height":432,"width":768},"timestamp":6000000000},
{"objects":[{"detection":{"bounding_box":{"x_max":0.9674479166666667,"x_min":0.9075520833333334,"y_max":0.5023148148148149,"y_min":0.30324074074074076},"confidence":1.0,"label":"person","label_id":1},"h":86,"id":2,"region_id":276,"roi_type":"person","w":46,"x":697,"y":131}],"resolution":{"height":432,"width":768},"timestamp":6083333333},
{"objects":[{"detection":{"bounding_box":{"x_max":0.97265625,"x_min":0.9127604166666666,"y_max":0.49537037037037035,"y_min":0.2962962962962963},"confidence":1.0,"label":"person","label_id":1},"h":86,"id":2,"region_id":278,"roi_type":"person","w":46,"x":701,"y":128}],"resolution":{"height":432,"width":768},"timestamp":6166666666},
{"objects":[{"detection":{"bounding_box":{"x_max":0.9778645833333334,"x_min":0.91796875,"y_max":0.48842592592592593,"y_min":0.28935185185185186},"confidence":1.0,"label":"person","label_id":1},"h":86,"id":2,"region_id":280,"roi_type":"person","w":46,"x":705,"y":125}],"resolution":{"height":432,"width":768},"timestamp":6250000000},
{"objects":[{"detection":{"bounding_box":{"x_max":0.9830729166666667,"x_min":0.9231770833333334,"y_max":0.48148148148148145,"y_min":0.2824074074074074},"confidence":1.0,"label":"person","label_id":1},"h":86,"id":2,"region_id":282,"roi_type":"person","w":46,"x":709,"y":122}],"resolution":{"height":432,"width":768},"timestamp":6333333333},
{"objects":[{"detection":{"bounding_box":{"x_max":0.98828125,"x_min":0.9283854166666666,"y_max":0.47453703703703703,"y_min":0.27546296296296297},"confidence":1.0,"label":"person","label_id":1},"h":86,"id":2,"region_id":284,"roi_type":"person","w":46,"x":713,"y":119}],"resolution":{"height":432,"width":768},"timestamp":6416666666},
{"objects":[{"detection":{"bounding_box":{"x_max":0.9934895833333334,"x_min":0.93359375,"y_max":0.4675925925925926,"y_min":0.26851851851851855},"confidence":1.0,"label":"person","label_id":1},"h":86,"id":2,"region_id":286,"roi_type":"person","w":46,"x":717,"y":116}],"resolution":{"height":432,"width":768},"timestamp":6500000000},
{"objects":[{"detection":{"bounding_box":{"x_max":0.9986979166666667,"x_min":0.9388020833333334,"y_max":0.46064814814814814,"y_min":0.26157407407407407},"confidence":1.0,"label":"person","label_id":1},"h":86,"id":2,"region_id":288,"roi_type":"person","w":46,"x":721,"y":113}],"resolution":{"height":432,"width":768},"timestamp":6583333333},
{"objects":[{"detection":{"bounding_box":{"x_max":1.0,"x_min":0.9440104166666666,"y_max":0.4537037037037037,"y_min":0.25462962962962965},"confidence":1.0,"label":"person","label_id":1},"h":86,"id":2,"region_id":290,"roi_type":"person","w":43,"x":725,"y":110}],"resolution":{"height":432,"width":768},"timestamp":6666666666},
{"objects":[{"detection":{"bounding_box":{"x_max":1.0,"x_min":0.94921875,"y_max":0.44675925925925924,"y_min":0.24768518518518517},"confidence":1.0,"label":"person","label_id":1},"h":86,"id":2,"region_id":292,"roi_type":"person","w":39,"x":729,"y":107}],"resolution":{"height":432,"width":768},"timestamp":6750000000},
{"objects":[{"detection":{"bounding_box":{"x_max":1.0,"x_min":0.9544270833333334,"y_max":0.43981481481481477,"y_min":0.24074074074074073},"confidence":1.0,"label":"person","label_id":1},"h":86,"id":2,"region_id":294,"roi_type":"person","w":35,"x":733,"y":104}],"resolution":{"height":432,"width":768},"timestamp":6833333333},
{"objects":[{"color":{"confidence":0.999996542930603,"label":"white","label_id":0,"model":{"name":"vehicle-attributes-recognition-barrier-0039"}},"detection":{"bounding_box":{"x_max":0.3706925958395004,"x_min":0.1160576194524765,"y_max":0.9911292791366577,"y_min":0.6428531408309937},"confidence":0.7490588426589966,"label":"vehicle","label_id":0},"h":150,"id":3,"region_id":382,"roi_type":"vehicle","type":{"confidence":0.9743736982345581,"label":"car","label_id":0,"model":{"name":"vehicle-attributes-recognition-barrier-0039"}},"w":196,"x":89,"y":278}],"resolution":{"height":432,"width":768},"timestamp":15000000000},
{"objects":[{"color":{"confidence":0.999996542930603,"label":"white","label_id":0,"model":{"name":"vehicle-attributes-recognition-barrier-0039"}},"detection":{"bounding_box":{"x_max":0.37109375,"x_min":0.11588541666666667,"y_max":0.9907407407407407,"y_min":0.6435185185185185},"confidence":1.0,"label":"vehicle","label_id":0},"h":150,"id":3,"region_id":397,"roi_type":"vehicle","type":{"confidence":0.9743736982345581,"label":"car","label_id":0,"model":{"name":"vehicle-attributes-recognition-barrier-0039"}},"w":196,"x":89,"y":278}],"resolution":{"height":432,"width":768},"timestamp":15083333333},
{"objects":[{"color":{"confidence":0.999996542930603,"label":"white","label_id":0,"model":{"name":"vehicle-attributes-recognition-barrier-0039"}},"detection":{"bounding_box":{"x_max":0.37109375,"x_min":0.11588541666666667,"y_max":0.9907407407407407,"y_min":0.6435185185185185},"confidence":1.0,"label":"vehicle","label_id":0},"h":150,"id":3,"region_id":399,"roi_type":"vehicle","type":{"confidence":0.9743736982345581,"label":"car","label_id":0,"model":{"name":"vehicle-attributes-recognition-barrier-0039"}},"w":196,"x":89,"y":278}],"resolution":{"height":432,"width":768},"timestamp":15166666666},
{"objects":[{"color":{"confidence":0.999996542930603,"label":"white","label_id":0,"model":{"name":"vehicle-attributes-recognition-barrier-0039"}},"detection":{"bounding_box":{"x_max":0.37109375,"x_min":0.11588541666666667,"y_max":0.9907407407407407,"y_min":0.6435185185185185},"confidence":1.0,"label":"vehicle","label_id":0},"h":150,"id":3,"region_id":401,"roi_type":"vehicle","type":{"confidence":0.9743736982345581,"label":"car","label_id":0,"model":{"name":"vehicle-attributes-recognition-barrier-0039"}},"w":196,"x":89,"y":278}],"resolution":{"height":432,"width":768},"timestamp":15250000000},
{"objects":[{"color":{"confidence":0.999996542930603,"label":"white","label_id":0,"model":{"name":"vehicle-attributes-recognition-barrier-0039"}},"detection":{"bounding_box":{"x_max":0.37109375,"x_min":0.11588541666666667,"y_max":0.9907407407407407,"y_min":0.6435185185185185},"confidence":1.0,"label":"vehicle","label_id":0},"h":150,"id":3,"region_id":403,"roi_type":"vehicle","type":{"confidence":0.9743736982345581,"label":"car","label_id":0,"model":{"name":"vehicle-attributes-recognition-barrier-0039"}},"w":196,"x":89,"y":278}],"resolution":{"height":432,"width":768},"timestamp":15333333333},
{"objects":[{"color":{"confidence":0.999996542930603,"label":"white","label_id":0,"model":{"name":"vehicle-attributes-recognition-barrier-0039"}},"detection":{"bounding_box":{"x_max":0.37109375,"x_min":0.11588541666666667,"y_max":0.9907407407407407,"y_min":0.6435185185185185},"confidence":1.0,"label":"vehicle","label_id":0},"h":150,"id":3,"region_id":405,"roi_type":"vehicle","type":{"confidence":0.9743736982345581,"label":"car","label_id":0,"model":{"name":"vehicle-attributes-recognition-barrier-0039"}},"w":196,"x":89,"y":278}],"resolution":{"height":432,"width":768},"timestamp":15416666666},
{"objects":[{"color":{"confidence":0.999996542930603,"label":"white","label_id":0,"model":{"name":"vehicle-attributes-recognition-barrier-0039"}},"detection":{"bounding_box":{"x_max":0.37109375,"x_min":0.11588541666666667,"y_max":0.9907407407407407,"y_min":0.6435185185185185},"confidence":1.0,"label":"vehicle","label_id":0},"h":150,"id":3,"region_id":407,"roi_type":"vehicle","type":{"confidence":0.9743736982345581,"label":"car","label_id":0,"model":{"name":"vehicle-attributes-recognition-barrier-0039"}},"w":196,"x":89,"y":278}],"resolution":{"height":432,"width":768},"timestamp":15500000000},
{"objects":[{"color":{"confidence":0.999996542930603,"label":"white","label_id":0,"model":{"name":"vehicle-attributes-recognition-barrier-0039"}},"detection":{"bounding_box":{"x_max":0.37109375,"x_min":0.11588541666666667,"y_max":0.9907407407407407,"y_min":0.6435185185185185},"confidence":1.0,"label":"vehicle","label_id":0},"h":150,"id":3,"region_id":409,"roi_type":"vehicle","type":{"confidence":0.9743736982345581,"label":"car","label_id":0,"model":{"name":"vehicle-attributes-recognition-barrier-0039"}},"w":196,"x":89,"y":278}],"resolution":{"height":432,"width":768},"timestamp":15583333333},
{"objects":[{"color":{"confidence":0.999996542930603,"label":"white","label_id":0,"model":{"name":"vehicle-attributes-recognition-barrier-0039"}},"detection":{"bounding_box":{"x_max":0.37109375,"x_min":0.11588541666666667,"y_max":0.9907407407407407,"y_min":0.6435185185185185},"confidence":1.0,"label":"vehicle","label_id":0},"h":150,"id":3,"region_id":411,"roi_type":"vehicle","type":{"confidence":0.9743736982345581,"label":"car","label_id":0,"model":{"name":"vehicle-attributes-recognition-barrier-0039"}},"w":196,"x":89,"y":278}],"resolution":{"height":432,"width":768},"timestamp":15666666666},
{"objects":[{"color":{"confidence":0.999996542930603,"label":"white","label_id":0,"model":{"name":"vehicle-attributes-recognition-barrier-0039"}},"detection":{"bounding_box":{"x_max":0.37109375,"x_min":0.11588541666666667,"y_max":0.9907407407407407,"y_min":0.6435185185185185},"confidence":1.0,"label":"vehicle","label_id":0},"h":150,"id":3,"region_id":413,"roi_type":"vehicle","type":{"confidence":0.9743736982345581,"label":"car","label_id":0,"model":{"name":"vehicle-attributes-recognition-barrier-0039"}},"w":196,"x":89,"y":278}],"resolution":{"height":432,"width":768},"timestamp":15750000000},
{"objects":[{"color":{"confidence":0.9999988079071045,"label":"white","label_id":0,"model":{"name":"vehicle-attributes-recognition-barrier-0039"}},"detection":{"bounding_box":{"x_max":0.35337358713150024,"x_min":0.15772970020771027,"y_max":0.954902321100235,"y_min":0.4402768909931183},"confidence":0.7631586790084839,"label":"vehicle","label_id":0},"h":222,"id":3,"region_id":380,"roi_type":"vehicle","type":{"confidence":0.9932788014411926,"label":"car","label_id":0,"model":{"name":"vehicle-attributes-recognition-barrier-0039"}},"w":150,"x":121,"y":190}],"resolution":{"height":432,"width":768},"timestamp":15833333333},
{"objects":[{"color":{"confidence":0.9999988079071045,"label":"white","label_id":0,"model":{"name":"vehicle-attributes-recognition-barrier-0039"}},"detection":{"bounding_box":{"x_max":0.36067708333333337,"x_min":0.14192708333333334,"y_max":0.9398148148148148,"y_min":0.49537037037037035},"confidence":1.0,"label":"vehicle","label_id":0},"h":192,"id":3,"region_id":416,"roi_type":"vehicle","type":{"confidence":0.9932788014411926,"label":"car","label_id":0,"model":{"name":"vehicle-attributes-recognition-barrier-0039"}},"w":168,"x":109,"y":214}],"resolution":{"height":432,"width":768},"timestamp":15916666666},
{"objects":[{"color":{"confidence":0.9999988079071045,"label":"white","label_id":0,"model":{"name":"vehicle-attributes-recognition-barrier-0039"}},"detection":{"bounding_box":{"x_max":0.36197916666666663,"x_min":0.14322916666666666,"y_max":0.9282407407407407,"y_min":0.4837962962962963},"confidence":1.0,"label":"vehicle","label_id":0},"h":192,"id":3,"region_id":418,"roi_type":"vehicle","type":{"confidence":0.9932788014411926,"label":"car","label_id":0,"model":{"name":"vehicle-attributes-recognition-barrier-0039"}},"w":168,"x":110,"y":209}],"resolution":{"height":432,"width":768},"timestamp":16000000000},
{"objects":[{"color":{"confidence":0.9999988079071045,"label":"white","label_id":0,"model":{"name":"vehicle-attributes-recognition-barrier-0039"}},"detection":{"bounding_box":{"x_max":0.36197916666666663,"x_min":0.14322916666666666,"y_max":0.9166666666666666,"y_min":0.4722222222222222},"confidence":1.0,"label":"vehicle","label_id":0},"h":192,"id":3,"region_id":420,"roi_type":"vehicle","type":{"confidence":0.9932788014411926,"label":"car","label_id":0,"model":{"name":"vehicle-attributes-recognition-barrier-0039"}},"w":168,"x":110,"y":204}],"resolution":{"height":432,"width":768},"timestamp":16083333333},
{"objects":[{"color":{"confidence":0.9999988079071045,"label":"white","label_id":0,"model":{"name":"vehicle-attributes-recognition-barrier-0039"}},"detection":{"bounding_box":{"x_max":0.36197916666666663,"x_min":0.14322916666666666,"y_max":0.9050925925925926,"y_min":0.46064814814814814},"confidence":1.0,"label":"vehicle","label_id":0},"h":192,"id":3,"region_id":421,"roi_type":"vehicle","type":{"confidence":0.9932788014411926,"label":"car","label_id":0,"model":{"name":"vehicle-attributes-recognition-barrier-0039"}},"w":168,"x":110,"y":199}],"resolution":{"height":432,"width":768},"timestamp":16166666666},
{"objects":[{"color":{"confidence":0.9999988079071045,"label":"white","label_id":0,"model":{"name":"vehicle-attributes-recognition-barrier-0039"}},"detection":{"bounding_box":{"x_max":0.36197916666666663,"x_min":0.14322916666666666,"y_max":0.8935185185185185,"y_min":0.44907407407407407},"confidence":1.0,"label":"vehicle","label_id":0},"h":192,"id":3,"region_id":422,"roi_type":"vehicle","type":{"confidence":0.9932788014411926,"label":"car","label_id":0,"model":{"name":"vehicle-attributes-recognition-barrier-0039"}},"w":168,"x":110,"y":194}],"resolution":{"height":432,"width":768},"timestamp":16250000000},
{"objects":[{"color":{"confidence":0.9999988079071045,"label":"white","label_id":0,"model":{"name":"vehicle-attributes-recognition-barrier-0039"}},"detection":{"bounding_box":{"x_max":0.36197916666666663,"x_min":0.14322916666666666,"y_max":0.8819444444444444,"y_min":0.4375},"confidence":1.0,"label":"vehicle","label_id":0},"h":192,"id":3,"region_id":423,"roi_type":"vehicle","type":{"confidence":0.9932788014411926,"label":"car","label_id":0,"model":{"name":"vehicle-attributes-recognition-barrier-0039"}},"w":168,"x":110,"y":189}],"resolution":{"height":432,"width":768},"timestamp":16333333333},
{"objects":[{"color":{"confidence":0.9999988079071045,"label":"white","label_id":0,"model":{"name":"vehicle-attributes-recognition-barrier-0039"}},"detection":{"bounding_box":{"x_max":0.36197916666666663,"x_min":0.14322916666666666,"y_max":0.8703703703703703,"y_min":0.42592592592592593},"confidence":1.0,"label":"vehicle","label_id":0},"h":192,"id":3,"region_id":426,"roi_type":"vehicle","type":{"confidence":0.9932788014411926,"label":"car","label_id":0,"model":{"name":"vehicle-attributes-recognition-barrier-0039"}},"w":168,"x":110,"y":184}],"resolution":{"height":432,"width":768},"timestamp":16416666666},
{"objects":[{"color":{"confidence":0.9999988079071045,"label":"white","label_id":0,"model":{"name":"vehicle-attributes-recognition-barrier-0039"}},"detection":{"bounding_box":{"x_max":0.36197916666666663,"x_min":0.14322916666666666,"y_max":0.8587962962962963,"y_min":0.41435185185185186},"confidence":1.0,"label":"vehicle","label_id":0},"h":192,"id":3,"region_id":427,"roi_type":"vehicle","type":{"confidence":0.9932788014411926,"label":"car","label_id":0,"model":{"name":"vehicle-attributes-recognition-barrier-0039"}},"w":168,"x":110,"y":179}],"resolution":{"height":432,"width":768},"timestamp":16500000000},
{"objects":[{"color":{"confidence":0.9999988079071045,"label":"white","label_id":0,"model":{"name":"vehicle-attributes-recognition-barrier-0039"}},"detection":{"bounding_box":{"x_max":0.36197916666666663,"x_min":0.14322916666666666,"y_max":0.8472222222222222,"y_min":0.4027777777777778},"confidence":1.0,"label":"vehicle","label_id":0},"h":192,"id":3,"region_id":428,"roi_type":"vehicle","type":{"confidence":0.9932788014411926,"label":"car","label_id":0,"model":{"name":"vehicle-attributes-recognition-barrier-0039"}},"w":168,"x":110,"y":174}],"resolution":{"height":432,"width":768},"timestamp":16583333333},
{"objects":[{"color":{"confidence":1.0,"label":"white","label_id":0,"model":{"name":"vehicle-attributes-recognition-barrier-0039"}},"detection":{"bounding_box":{"x_max":0.3230014145374298,"x_min":0.12290994822978973,"y_max":0.740700364112854,"y_min":0.31400012969970703},"confidence":0.6425150632858276,"label":"vehicle","label_id":0},"h":184,"id":3,"region_id":381,"roi_type":"vehicle","type":{"confidence":0.8626008629798889,"label":"truck","label_id":2,"model":{"name":"vehicle-attributes-recognition-barrier-0039"}},"w":154,"x":94,"y":136}],"resolution":{"height":432,"width":768},"timestamp":16666666666},
{"objects":[{"color":{"confidence":1.0,"label":"white","label_id":0,"model":{"name":"vehicle-attributes-recognition-barrier-0039"}},"detection":{"bounding_box":{"x_max":0.328125,"x_min":0.12239583333333333,"y_max":0.7407407407407407,"y_min":0.3101851851851852},"confidence":1.0,"label":"vehicle","label_id":0},"h":186,"id":3,"region_id":429,"roi_type":"vehicle","type":{"confidence":0.8626008629798889,"label":"truck","label_id":2,"model":{"name":"vehicle-attributes-recognition-barrier-0039"}},"w":158,"x":94,"y":134}],"resolution":{"height":432,"width":768},"timestamp":16750000000},
{"objects":[{"color":{"confidence":1.0,"label":"white","label_id":0,"model":{"name":"vehicle-attributes-recognition-barrier-0039"}},"detection":{"bounding_box":{"x_max":0.3255208333333333,"x_min":0.11979166666666667,"y_max":0.7199074074074074,"y_min":0.28935185185185186},"confidence":1.0,"label":"vehicle","label_id":0},"h":186,"id":3,"region_id":430,"roi_type":"vehicle","type":{"confidence":0.8626008629798889,"label":"truck","label_id":2,"model":{"name":"vehicle-attributes-recognition-barrier-0039"}},"w":158,"x":92,"y":125}],"resolution":{"height":432,"width":768},"timestamp":16833333333},
{"objects":[{"color":{"confidence":1.0,"label":"white","label_id":0,"model":{"name":"vehicle-attributes-recognition-barrier-0039"}},"detection":{"bounding_box":{"x_max":0.32421875,"x_min":0.11848958333333333,"y_max":0.6990740740740742,"y_min":0.26851851851851855},"confidence":1.0,"label":"vehicle","label_id":0},"h":186,"id":3,"region_id":431,"roi_type":"vehicle","type":{"confidence":0.8626008629798889,"label":"truck","label_id":2,"model":{"name":"vehicle-attributes-recognition-barrier-0039"}},"w":158,"x":91,"y":116}],"resolution":{"height":432,"width":768},"timestamp":16916666666},
{"objects":[{"color":{"confidence":1.0,"label":"white","label_id":0,"model":{"name":"vehicle-attributes-recognition-barrier-0039"}},"detection":{"bounding_box":{"x_max":0.3216145833333333,"x_min":0.11588541666666667,"y_max":0.6782407407407407,"y_min":0.24768518518518517},"confidence":1.0,"label":"vehicle","label_id":0},"h":186,"id":3,"region_id":432,"roi_type":"vehicle","type":{"confidence":0.8626008629798889,"label":"truck","label_id":2,"model":{"name":"vehicle-attributes-recognition-barrier-0039"}},"w":158,"x":89,"y":107}],"resolution":{"height":432,"width":768},"timestamp":17000000000},
{"objects":[{"color":{"confidence":1.0,"label":"white","label_id":0,"model":{"name":"vehicle-attributes-recognition-barrier-0039"}},"detection":{"bounding_box":{"x_max":0.31901041666666663,"x_min":0.11328125,"y_max":0.6574074074074074,"y_min":0.22685185185185186},"confidence":1.0,"label":"vehicle","label_id":0},"h":186,"id":3,"region_id":433,"roi_type":"vehicle","type":{"confidence":0.8626008629798889,"label":"truck","label_id":2,"model":{"name":"vehicle-attributes-recognition-barrier-0039"}},"w":158,"x":87,"y":98}],"resolution":{"height":432,"width":768},"timestamp":17083333333},
{"objects":[{"color":{"confidence":1.0,"label":"white","label_id":0,"model":{"name":"vehicle-attributes-recognition-barrier-0039"}},"detection":{"bounding_box":{"x_max":0.31640625,"x_min":0.11067708333333333,"y_max":0.6365740740740741,"y_min":0.20601851851851852},"confidence":1.0,"label":"vehicle","label_id":0},"h":186,"id":3,"region_id":434,"roi_type":"vehicle","type":{"confidence":0.8626008629798889,"label":"truck","label_id":2,"model":{"name":"vehicle-attributes-recognition-barrier-0039"}},"w":158,"x":85,"y":89}],"resolution":{"height":432,"width":768},"timestamp":17166666666},
{"objects":[{"color":{"confidence":1.0,"label":"white","label_id":0,"model":{"name":"vehicle-attributes-recognition-barrier-0039"}},"detection":{"bounding_box":{"x_max":0.3138020833333333,"x_min":0.10807291666666667,"y_max":0.6157407407407407,"y_min":0.18518518518518517},"confidence":1.0,"label":"vehicle","label_id":0},"h":186,"id":3,"region_id":435,"roi_type":"vehicle","type":{"confidence":0.8626008629798889,"label":"truck","label_id":2,"model":{"name":"vehicle-attributes-recognition-barrier-0039"}},"w":158,"x":83,"y":80}],"resolution":{"height":432,"width":768},"timestamp":17250000000},
{"objects":[{"color":{"confidence":1.0,"label":"white","label_id":0,"model":{"name":"vehicle-attributes-recognition-barrier-0039"}},"detection":{"bounding_box":{"x_max":0.31119791666666663,"x_min":0.10546875,"y_max":0.5949074074074074,"y_min":0.16435185185185186},"confidence":1.0,"label":"vehicle","label_id":0},"h":186,"id":3,"region_id":436,"roi_type":"vehicle","type":{"confidence":0.8626008629798889,"label":"truck","label_id":2,"model":{"name":"vehicle-attributes-recognition-barrier-0039"}},"w":158,"x":81,"y":71}],"resolution":{"height":432,"width":768},"timestamp":17333333333},
{"objects":[{"color":{"confidence":1.0,"label":"white","label_id":0,"model":{"name":"vehicle-attributes-recognition-barrier-0039"}},"detection":{"bounding_box":{"x_max":0.30859375,"x_min":0.10286458333333333,"y_max":0.5740740740740741,"y_min":0.14351851851851852},"confidence":1.0,"label":"vehicle","label_id":0},"h":186,"id":3,"region_id":437,"roi_type":"vehicle","type":{"confidence":0.8626008629798889,"label":"truck","label_id":2,"model":{"name":"vehicle-attributes-recognition-barrier-0039"}},"w":158,"x":79,"y":62}],"resolution":{"height":432,"width":768},"timestamp":17416666666},
{"objects":[{"color":{"confidence":1.0,"label":"white","label_id":0,"model":{"name":"vehicle-attributes-recognition-barrier-0039"}},"detection":{"bounding_box":{"x_max":0.26210531406104565,"x_min":0.01698504202067852,"y_max":0.6036797761917114,"y_min":0.2554677426815033},"confidence":0.7609269618988037,"label":"vehicle","label_id":0},"h":150,"id":3,"region_id":425,"roi_type":"vehicle","type":{"confidence":0.9999954700469971,"label":"van","label_id":1,"model":{"name":"vehicle-attributes-recognition-barrier-0039"}},"w":188,"x":13,"y":110}],"resolution":{"height":432,"width":768},"timestamp":17500000000},
{"objects":[{"color":{"confidence":1.0,"label":"white","label_id":0,"model":{"name":"vehicle-attributes-recognition-barrier-0039"}},"detection":{"bounding_box":{"x_max":0.2591145833333333,"x_min":0.029947916666666668,"y_max":0.5787037037037037,"y_min":0.2037037037037037},"confidence":1.0,"label":"vehicle","label_id":0},"h":162,"id":3,"region_id":438,"roi_type":"vehicle","type":{"confidence":0.9999954700469971,"label":"van","label_id":1,"model":{"name":"vehicle-attributes-recognition-barrier-0039"}},"w":176,"x":23,"y":88}],"resolution":{"height":432,"width":768},"timestamp":17583333333},
{"objects":[{"color":{"confidence":1.0,"label":"white","label_id":0,"model":{"name":"vehicle-attributes-recognition-barrier-0039"}},"detection":{"bounding_box":{"x_max":0.2513020833333333,"x_min":0.022135416666666668,"y_max":0.5671296296296297,"y_min":0.19212962962962962},"confidence":1.0,"label":"vehicle","label_id":0},"h":162,"id":3,"region_id":439,"roi_type":"vehicle","type":{"confidence":0.9999954700469971,"label":"van","label_id":1,"model":{"name":"vehicle-attributes-recognition-barrier-0039"}},"w":176,"x":17,"y":83}],"resolution":{"height":432,"width":768},"timestamp":17666666666},
{"objects":[{"color":{"confidence":1.0,"label":"white","label_id":0,"model":{"name":"vehicle-attributes-recognition-barrier-0039"}},"detection":{"bounding_box":{"x_max":0.2421875,"x_min":0.013020833333333334,"y_max":0.5532407407407407,"y_min":0.17824074074074073},"confidence":1.0,"label":"vehicle","label_id":0},"h":162,"id":3,"region_id":440,"roi_type":"vehicle","type":{"confidence":0.9999954700469971,"label":"van","label_id":1,"model":{"name":"vehicle-attributes-recognition-barrier-0039"}},"w":176,"x":10,"y":77}],"resolution":{"height":432,"width":768},"timestamp":17750000000},
{"objects":[{"color":{"confidence":1.0,"label":"white","label_id":0,"model":{"name":"vehicle-attributes-recognition-barrier-0039"}},"detection":{"bounding_box":{"x_max":0.23307291666666666,"x_min":0.00390625,"y_max":0.5393518518518519,"y_min":0.16435185185185186},"confidence":1.0,"label":"vehicle","label_id":0},"h":162,"id":3,"region_id":441,"roi_type":"vehicle","type":{"confidence":0.9999954700469971,"label":"van","label_id":1,"model":{"name":"vehicle-attributes-recognition-barrier-0039"}},"w":176,"x":3,"y":71}],"resolution":{"height":432,"width":768},"timestamp":17833333333},
{"objects":[{"color":{"confidence":1.0,"label":"white","label_id":0,"model":{"name":"vehicle-attributes-recognition-barrier-0039"}},"detection":{"bounding_box":{"x_max":0.22916666666666666,"x_min":0.0,"y_max":0.525462962962963,"y_min":0.15046296296296297},"confidence":1.0,"label":"vehicle","label_id":0},"h":162,"id":3,"region_id":442,"roi_type":"vehicle","type":{"confidence":0.9999954700469971,"label":"van","label_id":1,"model":{"name":"vehicle-attributes-recognition-barrier-0039"}},"w":176,"x":0,"y":65}],"resolution":{"height":432,"width":768},"timestamp":17916666666},
{"objects":[{"color":{"confidence":1.0,"label":"white","label_id":0,"model":{"name":"vehicle-attributes-recognition-barrier-0039"}},"detection":{"bounding_box":{"x_max":0.22916666666666666,"x_min":0.0,"y_max":0.5115740740740741,"y_min":0.13657407407407407},"confidence":1.0,"label":"vehicle","label_id":0},"h":162,"id":3,"region_id":443,"roi_type":"vehicle","type":{"confidence":0.9999954700469971,"label":"van","label_id":1,"model":{"name":"vehicle-attributes-recognition-barrier-0039"}},"w":176,"x":0,"y":59}],"resolution":{"height":432,"width":768},"timestamp":18000000000},
{"objects":[{"color":{"confidence":1.0,"label":"white","label_id":0,"model":{"name":"vehicle-attributes-recognition-barrier-0039"}},"detection":{"bounding_box":{"x_max":0.22916666666666666,"x_min":0.0,"y_max":0.4976851851851852,"y_min":0.12268518518518519},"confidence":1.0,"label":"vehicle","label_id":0},"h":162,"id":3,"region_id":444,"roi_type":"vehicle","type":{"confidence":0.9999954700469971,"label":"van","label_id":1,"model":{"name":"vehicle-attributes-recognition-barrier-0039"}},"w":176,"x":0,"y":53}],"resolution":{"height":432,"width":768},"timestamp":18083333333},
{"objects":[{"color":{"confidence":1.0,"label":"white","label_id":0,"model":{"name":"vehicle-attributes-recognition-barrier-0039"}},"detection":{"bounding_box":{"x_max":0.22916666666666666,"x_min":0.0,"y_max":0.4837962962962963,"y_min":0.1087962962962963},"confidence":1.0,"label":"vehicle","label_id":0},"h":162,"id":3,"region_id":445,"roi_type":"vehicle","type":{"confidence":0.9999954700469971,"label":"van","label_id":1,"model":{"name":"vehicle-attributes-recognition-barrier-0039"}},"w":176,"x":0,"y":47}],"resolution":{"height":432,"width":768},"timestamp":18166666666},
{"objects":[{"color":{"confidence":1.0,"label":"white","label_id":0,"model":{"name":"vehicle-attributes-recognition-barrier-0039"}},"detection":{"bounding_box":{"x_max":0.22916666666666666,"x_min":0.0,"y_max":0.46990740740740744,"y_min":0.09490740740740741},"confidence":1.0,"label":"vehicle","label_id":0},"h":162,"id":3,"region_id":446,"roi_type":"vehicle","type":{"confidence":0.9999954700469971,"label":"van","label_id":1,"model":{"name":"vehicle-attributes-recognition-barrier-0039"}},"w":176,"x":0,"y":41}],"resolution":{"height":432,"width":768},"timestamp":18250000000},
{"objects":[{"color":{"confidence":1.0,"label":"white","label_id":0,"model":{"name":"vehicle-attributes-recognition-barrier-0039"}},"detection":{"bounding_box":{"x_max":0.1667387846391648,"x_min":0.002754202811047435,"y_max":0.5379644185304642,"y_min":0.24135680496692657},"confidence":0.5346448421478271,"label":"vehicle","label_id":0},"h":128,"id":3,"region_id":424,"roi_type":"vehicle","type":{"confidence":0.9799879789352417,"label":"van","label_id":1,"model":{"name":"vehicle-attributes-recognition-barrier-0039"}},"w":126,"x":2,"y":104}],"resolution":{"height":432,"width":768},"timestamp":18333333333},
{"objects":[{"color":{"confidence":1.0,"label":"white","label_id":0,"model":{"name":"vehicle-attributes-recognition-barrier-0039"}},"detection":{"bounding_box":{"x_max":0.1796875,"x_min":0.0,"y_max":0.525462962962963,"y_min":0.21064814814814814},"confidence":1.0,"label":"vehicle","label_id":0},"h":136,"id":3,"region_id":447,"roi_type":"vehicle","type":{"confidence":0.9799879789352417,"label":"van","label_id":1,"model":{"name":"vehicle-attributes-recognition-barrier-0039"}},"w":138,"x":0,"y":91}],"resolution":{"height":432,"width":768},"timestamp":18416666666},
{"objects":[{"color":{"confidence":1.0,"label":"white","label_id":0,"model":{"name":"vehicle-attributes-recognition-barrier-0039"}},"detection":{"bounding_box":{"x_max":0.1796875,"x_min":0.0,"y_max":0.5231481481481481,"y_min":0.20833333333333334},"confidence":1.0,"label":"vehicle","label_id":0},"h":136,"id":3,"region_id":448,"roi_type":"vehicle","type":{"confidence":0.9799879789352417,"label":"van","label_id":1,"model":{"name":"vehicle-attributes-recognition-barrier-0039"}},"w":138,"x":0,"y":90}],"resolution":{"height":432,"width":768},"timestamp":18500000000},
{"objects":[{"color":{"confidence":1.0,"label":"white","label_id":0,"model":{"name":"vehicle-attributes-recognition-barrier-0039"}},"detection":{"bounding_box":{"x_max":0.1796875,"x_min":0.0,"y_max":0.5208333333333334,"y_min":0.20601851851851852},"confidence":1.0,"label":"vehicle","label_id":0},"h":136,"id":3,"region_id":449,"roi_type":"vehicle","type":{"confidence":0.9799879789352417,"label":"van","label_id":1,"model":{"name":"vehicle-attributes-recognition-barrier-0039"}},"w":138,"x":0,"y":89}],"resolution":{"height":432,"width":768},"timestamp":18583333333},
{"objects":[{"color":{"confidence":1.0,"label":"white","label_id":0,"model":{"name":"vehicle-attributes-recognition-barrier-0039"}},"detection":{"bounding_box":{"x_max":0.1796875,"x_min":0.0,"y_max":0.5185185185185185,"y_min":0.2037037037037037},"confidence":1.0,"label":"vehicle","label_id":0},"h":136,"id":3,"region_id":450,"roi_type":"vehicle","type":{"confidence":0.9799879789352417,"label":"van","label_id":1,"model":{"name":"vehicle-attributes-recognition-barrier-0039"}},"w":138,"x":0,"y":88}],"resolution":{"height":432,"width":768},"timestamp":18666666666},
{"objects":[{"detection":{"bounding_box":{"x_max":0.20120368897914886,"x_min":0.1531716138124466,"y_max":0.24806199967861176,"y_min":0.06924648582935333},"confidence":0.5995714664459229,"label":"person","label_id":1},"h":77,"id":4,"region_id":755,"roi_type":"person","w":37,"x":118,"y":30}],"resolution":{"height":432,"width":768},"timestamp":42500000000},
{"objects":[{"detection":{"bounding_box":{"x_max":0.20052083333333334,"x_min":0.15364583333333334,"y_max":0.24537037037037038,"y_min":0.06944444444444445},"confidence":1.0,"label":"person","label_id":1},"h":76,"id":4,"region_id":770,"roi_type":"person","w":36,"x":118,"y":30}],"resolution":{"height":432,"width":768},"timestamp":42583333333},
{"objects":[{"detection":{"bounding_box":{"x_max":0.20052083333333334,"x_min":0.15364583333333334,"y_max":0.24537037037037038,"y_min":0.06944444444444445},"confidence":1.0,"label":"person","label_id":1},"h":76,"id":4,"region_id":772,"roi_type":"person","w":36,"x":118,"y":30}],"resolution":{"height":432,"width":768},"timestamp":42666666666},
{"objects":[{"detection":{"bounding_box":{"x_max":0.20052083333333334,"x_min":0.15364583333333334,"y_max":0.24537037037037038,"y_min":0.06944444444444445},"confidence":1.0,"label":"person","label_id":1},"h":76,"id":4,"region_id":774,"roi_type":"person","w":36,"x":118,"y":30}],"resolution":{"height":432,"width":768},"timestamp":42750000000},
{"objects":[{"detection":{"bounding_box":{"x_max":0.19921875,"x_min":0.15234375,"y_max":0.24305555555555558,"y_min":0.06712962962962964},"confidence":1.0,"label":"person","label_id":1},"h":76,"id":4,"region_id":776,"roi_type":"person","w":36,"x":117,"y":29}],"resolution":{"height":432,"width":768},"timestamp":42833333333},
{"objects":[{"detection":{"bounding_box":{"x_max":0.19921875,"x_min":0.15234375,"y_max":0.24305555555555558,"y_min":0.06712962962962964},"confidence":1.0,"label":"person","label_id":1},"h":76,"id":4,"region_id":778,"roi_type":"person","w":36,"x":117,"y":29}],"resolution":{"height":432,"width":768},"timestamp":42916666666},
{"objects":[{"detection":{"bounding_box":{"x_max":0.19921875,"x_min":0.15234375,"y_max":0.24305555555555558,"y_min":0.06712962962962964},"confidence":1.0,"label":"person","label_id":1},"h":76,"id":4,"region_id":780,"roi_type":"person","w":36,"x":117,"y":29}],"resolution":{"height":432,"width":768},"timestamp":43000000000},
{"objects":[{"detection":{"bounding_box":{"x_max":0.19791666666666666,"x_min":0.15104166666666666,"y_max":0.24074074074074076,"y_min":0.06481481481481481},"confidence":1.0,"label":"person","label_id":1},"h":76,"id":4,"region_id":782,"roi_type":"person","w":36,"x":116,"y":28}],"resolution":{"height":432,"width":768},"timestamp":43083333333},
{"objects":[{"detection":{"bounding_box":{"x_max":0.19791666666666666,"x_min":0.15104166666666666,"y_max":0.24074074074074076,"y_min":0.06481481481481481},"confidence":1.0,"label":"person","label_id":1},"h":76,"id":4,"region_id":786,"roi_type":"person","w":36,"x":116,"y":28}],"resolution":{"height":432,"width":768},"timestamp":43166666666},
{"objects":[{"detection":{"bounding_box":{"x_max":0.19661458333333334,"x_min":0.14973958333333334,"y_max":0.23842592592592593,"y_min":0.0625},"confidence":1.0,"label":"person","label_id":1},"h":76,"id":4,"region_id":788,"roi_type":"person","w":36,"x":115,"y":27}],"resolution":{"height":432,"width":768},"timestamp":43250000000},
{"objects":[{"detection":{"bounding_box":{"x_max":0.1953125,"x_min":0.1484375,"y_max":0.2361111111111111,"y_min":0.06018518518518518},"confidence":1.0,"label":"person","label_id":1},"h":76,"id":4,"region_id":790,"roi_type":"person","w":36,"x":114,"y":26}],"resolution":{"height":432,"width":768},"timestamp":43333333333},
{"objects":[{"detection":{"bounding_box":{"x_max":0.1953125,"x_min":0.1484375,"y_max":0.2361111111111111,"y_min":0.06018518518518518},"confidence":1.0,"label":"person","label_id":1},"h":76,"id":4,"region_id":792,"roi_type":"person","w":36,"x":114,"y":26}],"resolution":{"height":432,"width":768},"timestamp":43416666666},
{"objects":[{"detection":{"bounding_box":{"x_max":0.19401041666666666,"x_min":0.14713541666666666,"y_max":0.2337962962962963,"y_min":0.05787037037037037},"confidence":1.0,"label":"person","label_id":1},"h":76,"id":4,"region_id":794,"roi_type":"person","w":36,"x":113,"y":25}],"resolution":{"height":432,"width":768},"timestamp":43500000000},
{"objects":[{"detection":{"bounding_box":{"x_max":0.19270833333333334,"x_min":0.14583333333333334,"y_max":0.23148148148148148,"y_min":0.05555555555555555},"confidence":1.0,"label":"person","label_id":1},"h":76,"id":4,"region_id":796,"roi_type":"person","w":36,"x":112,"y":24}],"resolution":{"height":432,"width":768},"timestamp":43583333333},
{"objects":[{"detection":{"bounding_box":{"x_max":0.19140625,"x_min":0.14453125,"y_max":0.22916666666666669,"y_min":0.05324074074074074},"confidence":1.0,"label":"person","label_id":1},"h":76,"id":4,"region_id":798,"roi_type":"person","w":36,"x":111,"y":23}],"resolution":{"height":432,"width":768},"timestamp":43666666666},
{"objects":[{"detection":{"bounding_box":{"x_max":0.19010416666666666,"x_min":0.14322916666666666,"y_max":0.22685185185185186,"y_min":0.05092592592592592},"confidence":1.0,"label":"person","label_id":1},"h":76,"id":4,"region_id":800,"roi_type":"person","w":36,"x":110,"y":22}],"resolution":{"height":432,"width":768},"timestamp":43750000000},
{"objects":[{"detection":{"bounding_box":{"x_max":0.18880208333333334,"x_min":0.14192708333333334,"y_max":0.22453703703703703,"y_min":0.04861111111111111},"confidence":1.0,"label":"person","label_id":1},"h":76,"id":4,"region_id":802,"roi_type":"person","w":36,"x":109,"y":21}],"resolution":{"height":432,"width":768},"timestamp":43833333333},
{"objects":[{"detection":{"bounding_box":{"x_max":0.1875,"x_min":0.140625,"y_max":0.2222222222222222,"y_min":0.046296296296296294},"confidence":1.0,"label":"person","label_id":1},"h":76,"id":4,"region_id":804,"roi_type":"person","w":36,"x":108,"y":20}],"resolution":{"height":432,"width":768},"timestamp":43916666666},
{"objects":[{"detection":{"bounding_box":{"x_max":0.18619791666666666,"x_min":0.13932291666666666,"y_max":0.2199074074074074,"y_min":0.04398148148148148},"confidence":1.0,"label":"person","label_id":1},"h":76,"id":4,"region_id":807,"roi_type":"person","w":36,"x":107,"y":19}],"resolution":{"height":432,"width":768},"timestamp":44000000000},
{"objects":[{"detection":{"bounding_box":{"x_max":0.18489583333333334,"x_min":0.13802083333333334,"y_max":0.2175925925925926,"y_min":0.041666666666666664},"confidence":1.0,"label":"person","label_id":1},"h":76,"id":4,"region_id":809,"roi_type":"person","w":36,"x":106,"y":18}],"resolution":{"height":432,"width":768},"timestamp":44083333333},
{"objects":[{"detection":{"bounding_box":{"x_max":0.32141509652137756,"x_min":0.27863821387290955,"y_max":0.18259304016828537,"y_min":0.004560045897960663},"confidence":0.5277588367462158,"label":"person","label_id":1},"h":77,"id":5,"region_id":783,"roi_type":"person","w":33,"x":214,"y":2},{"color":{"confidence":0.9693517088890076,"label":"gray","label_id":1,"model":{"name":"vehicle-attributes-recognition-barrier-0039"}},"detection":{"bounding_box":{"x_max":0.3160080537199974,"x_min":0.09020590037107468,"y_max":0.9869730472564697,"y_min":0.7790049314498901},"confidence":0.507820725440979,"label":"vehicle","label_id":0},"h":90,"id":6,"region_id":784,"roi_type":"vehicle","type":{"confidence":0.9101179242134094,"label":"car","label_id":0,"model":{"name":"vehicle-attributes-recognition-barrier-0039"}},"w":173,"x":69,"y":337},{"detection":{"bounding_box":{"x_max":0.18359375,"x_min":0.13671875,"y_max":0.2152777777777778,"y_min":0.03935185185185185},"confidence":1.0,"label":"person","label_id":1},"h":76,"id":4,"region_id":811,"roi_type":"person","w":36,"x":105,"y":17}],"resolution":{"height":432,"width":768},"timestamp":44166666666},
{"objects":[{"detection":{"bounding_box":{"x_max":0.18229166666666666,"x_min":0.13541666666666666,"y_max":0.21296296296296297,"y_min":0.037037037037037035},"confidence":1.0,"label":"person","label_id":1},"h":76,"id":4,"region_id":813,"roi_type":"person","w":36,"x":104,"y":16},{"detection":{"bounding_box":{"x_max":0.3203125,"x_min":0.2786458333333333,"y_max":0.18055555555555555,"y_min":0.004629629629629629},"confidence":1.0,"label":"person","label_id":1},"h":76,"id":5,"region_id":814,"roi_type":"person","w":32,"x":214,"y":2},{"color":{"confidence":0.9693517088890076,"label":"gray","label_id":1,"model":{"name":"vehicle-attributes-recognition-barrier-0039"}},"detection":{"bounding_box":{"x_max":0.31380208333333337,"x_min":0.08984375,"y_max":0.9884259259259259,"y_min":0.7800925925925926},"confidence":1.0,"label":"vehicle","label_id":0},"h":90,"id":6,"region_id":815,"roi_type":"vehicle","type":{"confidence":0.9101179242134094,"label":"car","label_id":0,"model":{"name":"vehicle-attributes-recognition-barrier-0039"}},"w":172,"x":69,"y":337}],"resolution":{"height":432,"width":768},"timestamp":44250000000},
{"objects":[{"detection":{"bounding_box":{"x_max":0.18098958333333334,"x_min":0.13411458333333334,"y_max":0.21064814814814814,"y_min":0.034722222222222224},"confidence":1.0,"label":"person","label_id":1},"h":76,"id":4,"region_id":817,"roi_type":"person","w":36,"x":103,"y":15},{"detection":{"bounding_box":{"x_max":0.3203125,"x_min":0.2786458333333333,"y_max":0.18055555555555555,"y_min":0.004629629629629629},"confidence":1.0,"label":"person","label_id":1},"h":76,"id":5,"region_id":818,"roi_type":"person","w":32,"x":214,"y":2},{"color":{"confidence":0.9693517088890076,"label":"gray","label_id":1,"model":{"name":"vehicle-attributes-recognition-barrier-0039"}},"detection":{"bounding_box":{"x_max":0.31380208333333337,"x_min":0.08984375,"y_max":0.9884259259259259,"y_min":0.7800925925925926},"confidence":1.0,"label":"vehicle","label_id":0},"h":90,"id":6,"region_id":819,"roi_type":"vehicle","type":{"confidence":0.9101179242134094,"label":"car","label_id":0,"model":{"name":"vehicle-attributes-recognition-barrier-0039"}},"w":172,"x":69,"y":337}],"resolution":{"height":432,"width":768},"timestamp":44333333333},
{"objects":[{"detection":{"bounding_box":{"x_max":0.1796875,"x_min":0.1328125,"y_max":0.20833333333333334,"y_min":0.032407407407407406},"confidence":1.0,"label":"person","label_id":1},"h":76,"id":4,"region_id":821,"roi_type":"person","w":36,"x":102,"y":14},{"detection":{"bounding_box":{"x_max":0.3203125,"x_min":0.2786458333333333,"y_max":0.18055555555555555,"y_min":0.004629629629629629},"confidence":1.0,"label":"person","label_id":1},"h":76,"id":5,"region_id":822,"roi_type":"person","w":32,"x":214,"y":2},{"color":{"confidence":0.9693517088890076,"label":"gray","label_id":1,"model":{"name":"vehicle-attributes-recognition-barrier-0039"}},"detection":{"bounding_box":{"x_max":0.31380208333333337,"x_min":0.08984375,"y_max":0.9884259259259259,"y_min":0.7800925925925926},"confidence":1.0,"label":"vehicle","label_id":0},"h":90,"id":6,"region_id":823,"roi_type":"vehicle","type":{"confidence":0.9101179242134094,"label":"car","label_id":0,"model":{"name":"vehicle-attributes-recognition-barrier-0039"}},"w":172,"x":69,"y":337}],"resolution":{"height":432,"width":768},"timestamp":44416666666},
{"objects":[{"detection":{"bounding_box":{"x_max":0.17838541666666666,"x_min":0.13151041666666666,"y_max":0.20601851851851852,"y_min":0.03009259259259259},"confidence":1.0,"label":"person","label_id":1},"h":76,"id":4,"region_id":825,"roi_type":"person","w":36,"x":101,"y":13},{"detection":{"bounding_box":{"x_max":0.3190104166666667,"x_min":0.27734375,"y_max":0.17824074074074076,"y_min":0.0023148148148148147},"confidence":1.0,"label":"person","label_id":1},"h":76,"id":5,"region_id":826,"roi_type":"person","w":32,"x":213,"y":1},{"color":{"confidence":0.9693517088890076,"label":"gray","label_id":1,"model":{"name":"vehicle-attributes-recognition-barrier-0039"}},"detection":{"bounding_box":{"x_max":0.3125,"x_min":0.08854166666666667,"y_max":0.9884259259259259,"y_min":0.7800925925925926},"confidence":1.0,"label":"vehicle","label_id":0},"h":90,"id":6,"region_id":827,"roi_type":"vehicle","type":{"confidence":0.9101179242134094,"label":"car","label_id":0,"model":{"name":"vehicle-attributes-recognition-barrier-0039"}},"w":172,"x":68,"y":337}],"resolution":{"height":432,"width":768},"timestamp":44500000000},
{"objects":[{"detection":{"bounding_box":{"x_max":0.17708333333333334,"x_min":0.13020833333333334,"y_max":0.20370370370370372,"y_min":0.027777777777777776},"confidence":1.0,"label":"person","label_id":1},"h":76,"id":4,"region_id":829,"roi_type":"person","w":36,"x":100,"y":12},{"detection":{"bounding_box":{"x_max":0.3190104166666667,"x_min":0.27734375,"y_max":0.17824074074074076,"y_min":0.0023148148148148147},"confidence":1.0,"label":"person","label_id":1},"h":76,"id":5,"region_id":830,"roi_type":"person","w":32,"x":213,"y":1},{"color":{"confidence":0.9693517088890076,"label":"gray","label_id":1,"model":{"name":"vehicle-attributes-recognition-barrier-0039"}},"detection":{"bounding_box":{"x_max":0.3125,"x_min":0.08854166666666667,"y_max":0.9884259259259259,"y_min":0.7800925925925926},"confidence":1.0,"label":"vehicle","label_id":0},"h":90,"id":6,"region_id":831,"roi_type":"vehicle","type":{"confidence":0.9101179242134094,"label":"car","label_id":0,"model":{"name":"vehicle-attributes-recognition-barrier-0039"}},"w":172,"x":68,"y":337}],"resolution":{"height":432,"width":768},"timestamp":44583333333},
{"objects":[{"detection":{"bounding_box":{"x_max":0.17578125,"x_min":0.12890625,"y_max":0.2013888888888889,"y_min":0.02546296296296296},"confidence":1.0,"label":"person","label_id":1},"h":76,"id":4,"region_id":833,"roi_type":"person","w":36,"x":99,"y":11},{"detection":{"bounding_box":{"x_max":0.3190104166666667,"x_min":0.27734375,"y_max":0.17824074074074076,"y_min":0.0023148148148148147},"confidence":1.0,"label":"person","label_id":1},"h":76,"id":5,"region_id":834,"roi_type":"person","w":32,"x":213,"y":1},{"color":{"confidence":0.9693517088890076,"label":"gray","label_id":1,"model":{"name":"vehicle-attributes-recognition-barrier-0039"}},"detection":{"bounding_box":{"x_max":0.3125,"x_min":0.08854166666666667,"y_max":0.9884259259259259,"y_min":0.7800925925925926},"confidence":1.0,"label":"vehicle","label_id":0},"h":90,"id":6,"region_id":835,"roi_type":"vehicle","type":{"confidence":0.9101179242134094,"label":"car","label_id":0,"model":{"name":"vehicle-attributes-recognition-barrier-0039"}},"w":172,"x":68,"y":337}],"resolution":{"height":432,"width":768},"timestamp":44666666666},
{"objects":[{"detection":{"bounding_box":{"x_max":0.17447916666666666,"x_min":0.12760416666666666,"y_max":0.19907407407407407,"y_min":0.023148148148148147},"confidence":1.0,"label":"person","label_id":1},"h":76,"id":4,"region_id":837,"roi_type":"person","w":36,"x":98,"y":10},{"detection":{"bounding_box":{"x_max":0.31770833333333337,"x_min":0.2760416666666667,"y_max":0.17592592592592593,"y_min":0.0},"confidence":1.0,"label":"person","label_id":1},"h":76,"id":5,"region_id":838,"roi_type":"person","w":32,"x":212,"y":0},{"color":{"confidence":0.9693517088890076,"label":"gray","label_id":1,"model":{"name":"vehicle-attributes-recognition-barrier-0039"}},"detection":{"bounding_box":{"x_max":0.3111979166666667,"x_min":0.08723958333333333,"y_max":0.9884259259259259,"y_min":0.7800925925925926},"confidence":1.0,"label":"vehicle","label_id":0},"h":90,"id":6,"region_id":839,"roi_type":"vehicle","type":{"confidence":0.9101179242134094,"label":"car","label_id":0,"model":{"name":"vehicle-attributes-recognition-barrier-0039"}},"w":172,"x":67,"y":337}],"resolution":{"height":432,"width":768},"timestamp":44750000000},
{"objects":[{"detection":{"bounding_box":{"x_max":0.17317708333333334,"x_min":0.12630208333333334,"y_max":0.19675925925925927,"y_min":0.020833333333333332},"confidence":1.0,"label":"person","label_id":1},"h":76,"id":4,"region_id":841,"roi_type":"person","w":36,"x":97,"y":9},{"detection":{"bounding_box":{"x_max":0.31770833333333337,"x_min":0.2760416666666667,"y_max":0.17592592592592593,"y_min":0.0},"confidence":1.0,"label":"person","label_id":1},"h":76,"id":5,"region_id":842,"roi_type":"person","w":32,"x":212,"y":0},{"color":{"confidence":0.9693517088890076,"label":"gray","label_id":1,"model":{"name":"vehicle-attributes-recognition-barrier-0039"}},"detection":{"bounding_box":{"x_max":0.3111979166666667,"x_min":0.08723958333333333,"y_max":0.9884259259259259,"y_min":0.7800925925925926},"confidence":1.0,"label":"vehicle","label_id":0},"h":90,"id":6,"region_id":843,"roi_type":"vehicle","type":{"confidence":0.9101179242134094,"label":"car","label_id":0,"model":{"name":"vehicle-attributes-recognition-barrier-0039"}},"w":172,"x":67,"y":337}],"resolution":{"height":432,"width":768},"timestamp":44833333333},
{"objects":[{"detection":{"bounding_box":{"x_max":0.171875,"x_min":0.125,"y_max":0.19444444444444445,"y_min":0.018518518518518517},"confidence":1.0,"label":"person","label_id":1},"h":76,"id":4,"region_id":845,"roi_type":"person","w":36,"x":96,"y":8},{"detection":{"bounding_box":{"x_max":0.31640625,"x_min":0.2747395833333333,"y_max":0.17592592592592593,"y_min":0.0},"confidence":1.0,"label":"person","label_id":1},"h":76,"id":5,"region_id":846,"roi_type":"person","w":32,"x":211,"y":0},{"color":{"confidence":0.9693517088890076,"label":"gray","label_id":1,"model":{"name":"vehicle-attributes-recognition-barrier-0039"}},"detection":{"bounding_box":{"x_max":0.30989583333333337,"x_min":0.0859375,"y_max":0.9884259259259259,"y_min":0.7800925925925926},"confidence":1.0,"label":"vehicle","label_id":0},"h":90,"id":6,"region_id":847,"roi_type":"vehicle","type":{"confidence":0.9101179242134094,"label":"car","label_id":0,"model":{"name":"vehicle-attributes-recognition-barrier-0039"}},"w":172,"x":66,"y":337}],"resolution":{"height":432,"width":768},"timestamp":44916666666},
{"objects":[{"detection":{"bounding_box":{"x_max":0.17057291666666669,"x_min":0.12369791666666667,"y_max":0.19212962962962962,"y_min":0.016203703703703703},"confidence":1.0,"label":"person","label_id":1},"h":76,"id":4,"region_id":849,"roi_type":"person","w":36,"x":95,"y":7},{"detection":{"bounding_box":{"x_max":0.3151041666666667,"x_min":0.2734375,"y_max":0.17592592592592593,"y_min":0.0},"confidence":1.0,"label":"person","label_id":1},"h":76,"id":5,"region_id":850,"roi_type":"person","w":32,"x":210,"y":0},{"color":{"confidence":0.9378446936607361,"label":"white","label_id":0,"model":{"name":"vehicle-attributes-recognition-barrier-0039"}},"detection":{"bounding_box":{"x_max":0.30859375,"x_min":0.08463541666666667,"y_max":0.9884259259259259,"y_min":0.7800925925925926},"confidence":1.0,"label":"vehicle","label_id":0},"h":90,"id":6,"region_id":851,"roi_type":"vehicle","type":{"confidence":0.40742963552474976,"label":"bus","label_id":3,"model":{"name":"vehicle-attributes-recognition-barrier-0039"}},"w":172,"x":65,"y":337}],"resolution":{"height":432,"width":768},"timestamp":45000000000},
{"objects":[{"detection":{"bounding_box":{"x_max":0.3151041666666667,"x_min":0.2734375,"y_max":0.17592592592592593,"y_min":0.0},"confidence":1.0,"label":"person","label_id":1},"h":76,"id":5,"region_id":853,"roi_type":"person","w":32,"x":210,"y":0},{"color":{"confidence":0.9378446936607361,"label":"white","label_id":0,"model":{"name":"vehicle-attributes-recognition-barrier-0039"}},"detection":{"bounding_box":{"x_max":0.30859375,"x_min":0.08463541666666667,"y_max":0.9884259259259259,"y_min":0.7800925925925926},"confidence":1.0,"label":"vehicle","label_id":0},"h":90,"id":6,"region_id":854,"roi_type":"vehicle","type":{"confidence":0.40742963552474976,"label":"bus","label_id":3,"model":{"name":"vehicle-attributes-recognition-barrier-0039"}},"w":172,"x":65,"y":337}],"resolution":{"height":432,"width":768},"timestamp":45083333333},
{"objects":[{"detection":{"bounding_box":{"x_max":0.31380208333333337,"x_min":0.2721354166666667,"y_max":0.17592592592592593,"y_min":0.0},"confidence":1.0,"label":"person","label_id":1},"h":76,"id":5,"region_id":856,"roi_type":"person","w":32,"x":209,"y":0},{"color":{"confidence":0.9378446936607361,"label":"white","label_id":0,"model":{"name":"vehicle-attributes-recognition-barrier-0039"}},"detection":{"bounding_box":{"x_max":0.3072916666666667,"x_min":0.08333333333333333,"y_max":0.9884259259259259,"y_min":0.7800925925925926},"confidence":1.0,"label":"vehicle","label_id":0},"h":90,"id":6,"region_id":857,"roi_type":"vehicle","type":{"confidence":0.40742963552474976,"label":"bus","label_id":3,"model":{"name":"vehicle-attributes-recognition-barrier-0039"}},"w":172,"x":64,"y":337}],"resolution":{"height":432,"width":768},"timestamp":45166666666},
{"objects":[{"detection":{"bounding_box":{"x_max":0.3125,"x_min":0.2708333333333333,"y_max":0.17592592592592593,"y_min":0.0},"confidence":1.0,"label":"person","label_id":1},"h":76,"id":5,"region_id":859,"roi_type":"person","w":32,"x":208,"y":0},{"color":{"confidence":0.9378446936607361,"label":"white","label_id":0,"model":{"name":"vehicle-attributes-recognition-barrier-0039"}},"detection":{"bounding_box":{"x_max":0.30598958333333337,"x_min":0.08203125,"y_max":0.9884259259259259,"y_min":0.7800925925925926},"confidence":1.0,"label":"vehicle","label_id":0},"h":90,"id":6,"region_id":860,"roi_type":"vehicle","type":{"confidence":0.40742963552474976,"label":"bus","label_id":3,"model":{"name":"vehicle-attributes-recognition-barrier-0039"}},"w":172,"x":63,"y":337}],"resolution":{"height":432,"width":768},"timestamp":45250000000},
{"objects":[{"detection":{"bounding_box":{"x_max":0.3111979166666667,"x_min":0.26953125,"y_max":0.17592592592592593,"y_min":0.0},"confidence":1.0,"label":"person","label_id":1},"h":76,"id":5,"region_id":861,"roi_type":"person","w":32,"x":207,"y":0},{"color":{"confidence":0.9378446936607361,"label":"white","label_id":0,"model":{"name":"vehicle-attributes-recognition-barrier-0039"}},"detection":{"bounding_box":{"x_max":0.3046875,"x_min":0.08072916666666667,"y_max":0.9884259259259259,"y_min":0.7800925925925926},"confidence":1.0,"label":"vehicle","label_id":0},"h":90,"id":6,"region_id":862,"roi_type":"vehicle","type":{"confidence":0.40742963552474976,"label":"bus","label_id":3,"model":{"name":"vehicle-attributes-recognition-barrier-0039"}},"w":172,"x":62,"y":337}],"resolution":{"height":432,"width":768},"timestamp":45333333333},
{"objects":[{"detection":{"bounding_box":{"x_max":0.30989583333333337,"x_min":0.2682291666666667,"y_max":0.17592592592592593,"y_min":0.0},"confidence":1.0,"label":"person","label_id":1},"h":76,"id":5,"region_id":863,"roi_type":"person","w":32,"x":206,"y":0},{"color":{"confidence":0.9378446936607361,"label":"white","label_id":0,"model":{"name":"vehicle-attributes-recognition-barrier-0039"}},"detection":{"bounding_box":{"x_max":0.3033854166666667,"x_min":0.07942708333333333,"y_max":0.9884259259259259,"y_min":0.7800925925925926},"confidence":1.0,"label":"vehicle","label_id":0},"h":90,"id":6,"region_id":864,"roi_type":"vehicle","type":{"confidence":0.40742963552474976,"label":"bus","label_id":3,"model":{"name":"vehicle-attributes-recognition-barrier-0039"}},"w":172,"x":61,"y":337}],"resolution":{"height":432,"width":768},"timestamp":45416666666},
{"objects":[{"detection":{"bounding_box":{"x_max":0.30859375,"x_min":0.2669270833333333,"y_max":0.17592592592592593,"y_min":0.0},"confidence":1.0,"label":"person","label_id":1},"h":76,"id":5,"region_id":865,"roi_type":"person","w":32,"x":205,"y":0},{"color":{"confidence":0.9378446936607361,"label":"white","label_id":0,"model":{"name":"vehicle-attributes-recognition-barrier-0039"}},"detection":{"bounding_box":{"x_max":0.30208333333333337,"x_min":0.078125,"y_max":0.9884259259259259,"y_min":0.7800925925925926},"confidence":1.0,"label":"vehicle","label_id":0},"h":90,"id":6,"region_id":866,"roi_type":"vehicle","type":{"confidence":0.40742963552474976,"label":"bus","label_id":3,"model":{"name":"vehicle-attributes-recognition-barrier-0039"}},"w":172,"x":60,"y":337}],"resolution":{"height":432,"width":768},"timestamp":45500000000},
{"objects":[{"detection":{"bounding_box":{"x_max":0.3072916666666667,"x_min":0.265625,"y_max":0.17592592592592593,"y_min":0.0},"confidence":1.0,"label":"person","label_id":1},"h":76,"id":5,"region_id":867,"roi_type":"person","w":32,"x":204,"y":0},{"color":{"confidence":0.9378446936607361,"label":"white","label_id":0,"model":{"name":"vehicle-attributes-recognition-barrier-0039"}},"detection":{"bounding_box":{"x_max":0.30078125,"x_min":0.07682291666666667,"y_max":0.9884259259259259,"y_min":0.7800925925925926},"confidence":1.0,"label":"vehicle","label_id":0},"h":90,"id":6,"region_id":868,"roi_type":"vehicle","type":{"confidence":0.40742963552474976,"label":"bus","label_id":3,"model":{"name":"vehicle-attributes-recognition-barrier-0039"}},"w":172,"x":59,"y":337}],"resolution":{"height":432,"width":768},"timestamp":45583333333},
{"objects":[{"detection":{"bounding_box":{"x_max":0.30598958333333337,"x_min":0.2643229166666667,"y_max":0.17592592592592593,"y_min":0.0},"confidence":1.0,"label":"person","label_id":1},"h":76,"id":5,"region_id":869,"roi_type":"person","w":32,"x":203,"y":0},{"color":{"confidence":0.9378446936607361,"label":"white","label_id":0,"model":{"name":"vehicle-attributes-recognition-barrier-0039"}},"detection":{"bounding_box":{"x_max":0.2994791666666667,"x_min":0.07552083333333333,"y_max":0.9884259259259259,"y_min":0.7800925925925926},"confidence":1.0,"label":"vehicle","label_id":0},"h":90,"id":6,"region_id":870,"roi_type":"vehicle","type":{"confidence":0.40742963552474976,"label":"bus","label_id":3,"model":{"name":"vehicle-attributes-recognition-barrier-0039"}},"w":172,"x":58,"y":337}],"resolution":{"height":432,"width":768},"timestamp":45666666666},
{"objects":[{"detection":{"bounding_box":{"x_max":0.3046875,"x_min":0.2630208333333333,"y_max":0.17592592592592593,"y_min":0.0},"confidence":1.0,"label":"person","label_id":1},"h":76,"id":5,"region_id":871,"roi_type":"person","w":32,"x":202,"y":0},{"color":{"confidence":0.9378446936607361,"label":"white","label_id":0,"model":{"name":"vehicle-attributes-recognition-barrier-0039"}},"detection":{"bounding_box":{"x_max":0.29817708333333337,"x_min":0.07421875,"y_max":0.9884259259259259,"y_min":0.7800925925925926},"confidence":1.0,"label":"vehicle","label_id":0},"h":90,"id":6,"region_id":872,"roi_type":"vehicle","type":{"confidence":0.40742963552474976,"label":"bus","label_id":3,"model":{"name":"vehicle-attributes-recognition-barrier-0039"}},"w":172,"x":57,"y":337}],"resolution":{"height":432,"width":768},"timestamp":45750000000},
{"objects":[{"color":{"confidence":0.962742805480957,"label":"gray","label_id":1,"model":{"name":"vehicle-attributes-recognition-barrier-0039"}},"detection":{"bounding_box":{"x_max":0.3761140704154968,"x_min":0.16789790987968445,"y_max":0.8701246380805969,"y_min":0.37976616621017456},"confidence":0.6598705053329468,"label":"vehicle","label_id":0},"h":212,"id":6,"region_id":805,"roi_type":"vehicle","type":{"confidence":0.7671650648117065,"label":"bus","label_id":3,"model":{"name":"vehicle-attributes-recognition-barrier-0039"}},"w":160,"x":129,"y":164},{"detection":{"bounding_box":{"x_max":0.3033854166666667,"x_min":0.26171875,"y_max":0.17592592592592593,"y_min":0.0},"confidence":1.0,"label":"person","label_id":1},"h":76,"id":5,"region_id":873,"roi_type":"person","w":32,"x":201,"y":0}],"resolution":{"height":432,"width":768},"timestamp":45833333333},
{"objects":[{"detection":{"bounding_box":{"x_max":0.30208333333333337,"x_min":0.2604166666666667,"y_max":0.17592592592592593,"y_min":0.0},"confidence":1.0,"label":"person","label_id":1},"h":76,"id":5,"region_id":874,"roi_type":"person","w":32,"x":200,"y":0},{"color":{"confidence":0.962742805480957,"label":"gray","label_id":1,"model":{"name":"vehicle-attributes-recognition-barrier-0039"}},"detection":{"bounding_box":{"x_max":0.34765625,"x_min":0.13151041666666666,"y_max":0.8773148148148149,"y_min":0.5486111111111112},"confidence":1.0,"label":"vehicle","label_id":0},"h":142,"id":6,"region_id":875,"roi_type":"vehicle","type":{"confidence":0.7671650648117065,"label":"bus","label_id":3,"model":{"name":"vehicle-attributes-recognition-barrier-0039"}},"w":166,"x":101,"y":237}],"resolution":{"height":432,"width":768},"timestamp":45916666666},
{"objects":[{"detection":{"bounding_box":{"x_max":0.30078125,"x_min":0.2591145833333333,"y_max":0.17592592592592593,"y_min":0.0},"confidence":1.0,"label":"person","label_id":1},"h":76,"id":5,"region_id":876,"roi_type":"person","w":32,"x":199,"y":0},{"color":{"confidence":0.962742805480957,"label":"gray","label_id":1,"model":{"name":"vehicle-attributes-recognition-barrier-0039"}},"detection":{"bounding_box":{"x_max":0.35286458333333337,"x_min":0.13671875,"y_max":0.8564814814814815,"y_min":0.5277777777777778},"confidence":1.0,"label":"vehicle","label_id":0},"h":142,"id":6,"region_id":877,"roi_type":"vehicle","type":{"confidence":0.7671650648117065,"label":"bus","label_id":3,"model":{"name":"vehicle-attributes-recognition-barrier-0039"}},"w":166,"x":105,"y":228}],"resolution":{"height":432,"width":768},"timestamp":46000000000},
{"objects":[{"detection":{"bounding_box":{"x_max":0.2994791666666667,"x_min":0.2578125,"y_max":0.17592592592592593,"y_min":0.0},"confidence":1.0,"label":"person","label_id":1},"h":76,"id":5,"region_id":878,"roi_type":"person","w":32,"x":198,"y":0},{"color":{"confidence":0.962742805480957,"label":"gray","label_id":1,"model":{"name":"vehicle-attributes-recognition-barrier-0039"}},"detection":{"bounding_box":{"x_max":0.359375,"x_min":0.14322916666666666,"y_max":0.837962962962963,"y_min":0.5092592592592593},"confidence":1.0,"label":"vehicle","label_id":0},"h":142,"id":6,"region_id":879,"roi_type":"vehicle","type":{"confidence":0.7671650648117065,"label":"bus","label_id":3,"model":{"name":"vehicle-attributes-recognition-barrier-0039"}},"w":166,"x":110,"y":220}],"resolution":{"height":432,"width":768},"timestamp":46083333333},
{"objects":[{"detection":{"bounding_box":{"x_max":0.29817708333333337,"x_min":0.2565104166666667,"y_max":0.17592592592592593,"y_min":0.0},"confidence":1.0,"label":"person","label_id":1},"h":76,"id":5,"region_id":881,"roi_type":"person","w":32,"x":197,"y":0},{"color":{"confidence":0.962742805480957,"label":"gray","label_id":1,"model":{"name":"vehicle-attributes-recognition-barrier-0039"}},"detection":{"bounding_box":{"x_max":0.36458333333333337,"x_min":0.1484375,"y_max":0.8171296296296297,"y_min":0.48842592592592593},"confidence":1.0,"label":"vehicle","label_id":0},"h":142,"id":6,"region_id":882,"roi_type":"vehicle","type":{"confidence":0.7671650648117065,"label":"bus","label_id":3,"model":{"name":"vehicle-attributes-recognition-barrier-0039"}},"w":166,"x":114,"y":211}],"resolution":{"height":432,"width":768},"timestamp":46166666666},
{"objects":[{"detection":{"bounding_box":{"x_max":0.296875,"x_min":0.2552083333333333,"y_max":0.17592592592592593,"y_min":0.0},"confidence":1.0,"label":"person","label_id":1},"h":76,"id":5,"region_id":883,"roi_type":"person","w":32,"x":196,"y":0},{"color":{"confidence":0.962742805480957,"label":"gray","label_id":1,"model":{"name":"vehicle-attributes-recognition-barrier-0039"}},"detection":{"bounding_box":{"x_max":0.3697916666666667,"x_min":0.15364583333333334,"y_max":0.7986111111111112,"y_min":0.4699074074074074},"confidence":1.0,"label":"vehicle","label_id":0},"h":142,"id":6,"region_id":884,"roi_type":"vehicle","type":{"confidence":0.7671650648117065,"label":"bus","label_id":3,"model":{"name":"vehicle-attributes-recognition-barrier-0039"}},"w":166,"x":118,"y":203}],"resolution":{"height":432,"width":768},"timestamp":46250000000},
{"objects":[{"detection":{"bounding_box":{"x_max":0.2955729166666667,"x_min":0.25390625,"y_max":0.17592592592592593,"y_min":0.0},"confidence":1.0,"label":"person","label_id":1},"h":76,"id":5,"region_id":885,"roi_type":"person","w":32,"x":195,"y":0},{"color":{"confidence":0.962742805480957,"label":"gray","label_id":1,"model":{"name":"vehicle-attributes-recognition-barrier-0039"}},"detection":{"bounding_box":{"x_max":0.375,"x_min":0.15885416666666666,"y_max":0.7777777777777778,"y_min":0.44907407407407407},"confidence":1.0,"label":"vehicle","label_id":0},"h":142,"id":6,"region_id":886,"roi_type":"vehicle","type":{"confidence":0.7671650648117065,"label":"bus","label_id":3,"model":{"name":"vehicle-attributes-recognition-barrier-0039"}},"w":166,"x":122,"y":194}],"resolution":{"height":432,"width":768},"timestamp":46333333333},
{"objects":[{"detection":{"bounding_box":{"x_max":0.29427083333333337,"x_min":0.2526041666666667,"y_max":0.17592592592592593,"y_min":0.0},"confidence":1.0,"label":"person","label_id":1},"h":76,"id":5,"region_id":887,"roi_type":"person","w":32,"x":194,"y":0},{"color":{"confidence":0.962742805480957,"label":"gray","label_id":1,"model":{"name":"vehicle-attributes-recognition-barrier-0039"}},"detection":{"bounding_box":{"x_max":0.38020833333333337,"x_min":0.1640625,"y_max":0.7569444444444444,"y_min":0.42824074074074076},"confidence":1.0,"label":"vehicle","label_id":0},"h":142,"id":6,"region_id":888,"roi_type":"vehicle","type":{"confidence":0.7671650648117065,"label":"bus","label_id":3,"model":{"name":"vehicle-attributes-recognition-barrier-0039"}},"w":166,"x":126,"y":185}],"resolution":{"height":432,"width":768},"timestamp":46416666666},
{"objects":[{"detection":{"bounding_box":{"x_max":0.29296875,"x_min":0.2513020833333333,"y_max":0.17592592592592593,"y_min":0.0},"confidence":1.0,"label":"person","label_id":1},"h":76,"id":5,"region_id":889,"roi_type":"person","w":32,"x":193,"y":0},{"color":{"confidence":0.962742805480957,"label":"gray","label_id":1,"model":{"name":"vehicle-attributes-recognition-barrier-0039"}},"detection":{"bounding_box":{"x_max":0.3854166666666667,"x_min":0.16927083333333334,"y_max":0.7361111111111112,"y_min":0.4074074074074074},"confidence":1.0,"label":"vehicle","label_id":0},"h":142,"id":6,"region_id":890,"roi_type":"vehicle","type":{"confidence":0.7671650648117065,"label":"bus","label_id":3,"model":{"name":"vehicle-attributes-recognition-barrier-0039"}},"w":166,"x":130,"y":176}],"resolution":{"height":432,"width":768},"timestamp":46500000000},
{"objects":[{"color":{"confidence":0.962742805480957,"label":"gray","label_id":1,"model":{"name":"vehicle-attributes-recognition-barrier-0039"}},"detection":{"bounding_box":{"x_max":0.390625,"x_min":0.17447916666666666,"y_max":0.7152777777777778,"y_min":0.38657407407407407},"confidence":1.0,"label":"vehicle","label_id":0},"h":142,"id":6,"region_id":891,"roi_type":"vehicle","type":{"confidence":0.7671650648117065,"label":"bus","label_id":3,"model":{"name":"vehicle-attributes-recognition-barrier-0039"}},"w":166,"x":134,"y":167}],"resolution":{"height":432,"width":768},"timestamp":46583333333},
{"objects":[{"color":{"confidence":0.9368384480476379,"label":"gray","label_id":1,"model":{"name":"vehicle-attributes-recognition-barrier-0039"}},"detection":{"bounding_box":{"x_max":0.3435230553150177,"x_min":0.18517939746379852,"y_max":0.6185587048530579,"y_min":0.23270058631896973},"confidence":0.662986159324646,"label":"vehicle","label_id":0},"h":167,"id":6,"region_id":880,"roi_type":"vehicle","type":{"confidence":0.5809277296066284,"label":"car","label_id":0,"model":{"name":"vehicle-attributes-recognition-barrier-0039"}},"w":122,"x":142,"y":101}],"resolution":{"height":432,"width":768},"timestamp":46666666666},
{"objects":[{"color":{"confidence":0.9368384480476379,"label":"gray","label_id":1,"model":{"name":"vehicle-attributes-recognition-barrier-0039"}},"detection":{"bounding_box":{"x_max":0.359375,"x_min":0.18229166666666666,"y_max":0.6018518518518519,"y_min":0.2361111111111111},"confidence":1.0,"label":"vehicle","label_id":0},"h":158,"id":6,"region_id":894,"roi_type":"vehicle","type":{"confidence":0.5809277296066284,"label":"car","label_id":0,"model":{"name":"vehicle-attributes-recognition-barrier-0039"}},"w":136,"x":140,"y":102}],"resolution":{"height":432,"width":768},"timestamp":46750000000},
{"objects":[{"color":{"confidence":0.9368384480476379,"label":"gray","label_id":1,"model":{"name":"vehicle-attributes-recognition-barrier-0039"}},"detection":{"bounding_box":{"x_max":0.36328125,"x_min":0.18619791666666666,"y_max":0.5717592592592593,"y_min":0.20601851851851852},"confidence":1.0,"label":"vehicle","label_id":0},"h":158,"id":6,"region_id":895,"roi_type":"vehicle","type":{"confidence":0.5809277296066284,"label":"car","label_id":0,"model":{"name":"vehicle-attributes-recognition-barrier-0039"}},"w":136,"x":143,"y":89}],"resolution":{"height":432,"width":768},"timestamp":46833333333},
{"objects":[{"color":{"confidence":0.9368384480476379,"label":"gray","label_id":1,"model":{"name":"vehicle-attributes-recognition-barrier-0039"}},"detection":{"bounding_box":{"x_max":0.3658854166666667,"x_min":0.18880208333333334,"y_max":0.5416666666666667,"y_min":0.17592592592592593},"confidence":1.0,"label":"vehicle","label_id":0},"h":158,"id":6,"region_id":896,"roi_type":"vehicle","type":{"confidence":0.5809277296066284,"label":"car","label_id":0,"model":{"name":"vehicle-attributes-recognition-barrier-0039"}},"w":136,"x":145,"y":76}],"resolution":{"height":432,"width":768},"timestamp":46916666666},
{"objects":[{"color":{"confidence":0.9368384480476379,"label":"gray","label_id":1,"model":{"name":"vehicle-attributes-recognition-barrier-0039"}},"detection":{"bounding_box":{"x_max":0.36848958333333337,"x_min":0.19140625,"y_max":0.5115740740740741,"y_min":0.14583333333333334},"confidence":1.0,"label":"vehicle","label_id":0},"h":158,"id":6,"region_id":897,"roi_type":"vehicle","type":{"confidence":0.5809277296066284,"label":"car","label_id":0,"model":{"name":"vehicle-attributes-recognition-barrier-0039"}},"w":136,"x":147,"y":63}],"resolution":{"height":432,"width":768},"timestamp":47000000000},
{"objects":[{"color":{"confidence":0.9368384480476379,"label":"gray","label_id":1,"model":{"name":"vehicle-attributes-recognition-barrier-0039"}},"detection":{"bounding_box":{"x_max":0.37109375,"x_min":0.19401041666666666,"y_max":0.4814814814814815,"y_min":0.11574074074074074},"confidence":1.0,"label":"vehicle","label_id":0},"h":158,"id":6,"region_id":898,"roi_type":"vehicle","type":{"confidence":0.5809277296066284,"label":"car","label_id":0,"model":{"name":"vehicle-attributes-recognition-barrier-0039"}},"w":136,"x":149,"y":50}],"resolution":{"height":432,"width":768},"timestamp":47083333333},
{"objects":[{"color":{"confidence":0.9368384480476379,"label":"gray","label_id":1,"model":{"name":"vehicle-attributes-recognition-barrier-0039"}},"detection":{"bounding_box":{"x_max":0.3736979166666667,"x_min":0.19661458333333334,"y_max":0.4513888888888889,"y_min":0.08564814814814815},"confidence":1.0,"label":"vehicle","label_id":0},"h":158,"id":6,"region_id":899,"roi_type":"vehicle","type":{"confidence":0.5809277296066284,"label":"car","label_id":0,"model":{"name":"vehicle-attributes-recognition-barrier-0039"}},"w":136,"x":151,"y":37}],"resolution":{"height":432,"width":768},"timestamp":47166666666},
{"objects":[{"color":{"confidence":0.9368384480476379,"label":"gray","label_id":1,"model":{"name":"vehicle-attributes-recognition-barrier-0039"}},"detection":{"bounding_box":{"x_max":0.37630208333333337,"x_min":0.19921875,"y_max":0.4212962962962963,"y_min":0.05555555555555555},"confidence":1.0,"label":"vehicle","label_id":0},"h":158,"id":6,"region_id":900,"roi_type":"vehicle","type":{"confidence":0.5809277296066284,"label":"car","label_id":0,"model":{"name":"vehicle-attributes-recognition-barrier-0039"}},"w":136,"x":153,"y":24}],"resolution":{"height":432,"width":768},"timestamp":47250000000},
{"objects":[{"color":{"confidence":0.9368384480476379,"label":"gray","label_id":1,"model":{"name":"vehicle-attributes-recognition-barrier-0039"}},"detection":{"bounding_box":{"x_max":0.37890625,"x_min":0.20182291666666666,"y_max":0.3912037037037037,"y_min":0.02546296296296296},"confidence":1.0,"label":"vehicle","label_id":0},"h":158,"id":6,"region_id":901,"roi_type":"vehicle","type":{"confidence":0.5809277296066284,"label":"car","label_id":0,"model":{"name":"vehicle-attributes-recognition-barrier-0039"}},"w":136,"x":155,"y":11}],"resolution":{"height":432,"width":768},"timestamp":47333333333},
{"objects":[{"color":{"confidence":0.9368384480476379,"label":"gray","label_id":1,"model":{"name":"vehicle-attributes-recognition-barrier-0039"}},"detection":{"bounding_box":{"x_max":0.3815104166666667,"x_min":0.20442708333333334,"y_max":0.36574074074074076,"y_min":0.0},"confidence":1.0,"label":"vehicle","label_id":0},"h":158,"id":6,"region_id":902,"roi_type":"vehicle","type":{"confidence":0.5809277296066284,"label":"car","label_id":0,"model":{"name":"vehicle-attributes-recognition-barrier-0039"}},"w":136,"x":157,"y":0}],"resolution":{"height":432,"width":768},"timestamp":47416666666},
{"objects":[{"color":{"confidence":0.4258926510810852,"label":"blue","label_id":5,"model":{"name":"vehicle-attributes-recognition-barrier-0039"}},"detection":{"bounding_box":{"x_max":0.2985311225056648,"x_min":0.07747424393892288,"y_max":0.4412384331226349,"y_min":0.14154556393623352},"confidence":0.6177952885627747,"label":"vehicle","label_id":0},"h":129,"id":6,"region_id":893,"roi_type":"vehicle","type":{"confidence":0.9619778990745544,"label":"van","label_id":1,"model":{"name":"vehicle-attributes-recognition-barrier-0039"}},"w":170,"x":60,"y":61}],"resolution":{"height":432,"width":768},"timestamp":47500000000},
{"objects":[{"color":{"confidence":0.4258926510810852,"label":"blue","label_id":5,"model":{"name":"vehicle-attributes-recognition-barrier-0039"}},"detection":{"bounding_box":{"x_max":0.30859375,"x_min":0.10546875,"y_max":0.39814814814814814,"y_min":0.07407407407407407},"confidence":1.0,"label":"vehicle","label_id":0},"h":140,"id":6,"region_id":903,"roi_type":"vehicle","type":{"confidence":0.9619778990745544,"label":"van","label_id":1,"model":{"name":"vehicle-attributes-recognition-barrier-0039"}},"w":156,"x":81,"y":32}],"resolution":{"height":432,"width":768},"timestamp":47583333333},
{"objects":[{"color":{"confidence":0.4258926510810852,"label":"blue","label_id":5,"model":{"name":"vehicle-attributes-recognition-barrier-0039"}},"detection":{"bounding_box":{"x_max":0.3020833333333333,"x_min":0.09895833333333333,"y_max":0.37962962962962965,"y_min":0.05555555555555555},"confidence":1.0,"label":"vehicle","label_id":0},"h":140,"id":6,"region_id":904,"roi_type":"vehicle","type":{"confidence":0.9619778990745544,"label":"van","label_id":1,"model":{"name":"vehicle-attributes-recognition-barrier-0039"}},"w":156,"x":76,"y":24}],"resolution":{"height":432,"width":768},"timestamp":47666666666},
{"objects":[{"color":{"confidence":0.4258926510810852,"label":"blue","label_id":5,"model":{"name":"vehicle-attributes-recognition-barrier-0039"}},"detection":{"bounding_box":{"x_max":0.2942708333333333,"x_min":0.09114583333333333,"y_max":0.3611111111111111,"y_min":0.037037037037037035},"confidence":1.0,"label":"vehicle","label_id":0},"h":140,"id":6,"region_id":905,"roi_type":"vehicle","type":{"confidence":0.9619778990745544,"label":"van","label_id":1,"model":{"name":"vehicle-attributes-recognition-barrier-0039"}},"w":156,"x":70,"y":16}],"resolution":{"height":432,"width":768},"timestamp":47750000000},
{"objects":[{"color":{"confidence":0.4258926510810852,"label":"blue","label_id":5,"model":{"name":"vehicle-attributes-recognition-barrier-0039"}},"detection":{"bounding_box":{"x_max":0.2864583333333333,"x_min":0.08333333333333333,"y_max":0.34259259259259256,"y_min":0.018518518518518517},"confidence":1.0,"label":"vehicle","label_id":0},"h":140,"id":6,"region_id":906,"roi_type":"vehicle","type":{"confidence":0.9619778990745544,"label":"van","label_id":1,"model":{"name":"vehicle-attributes-recognition-barrier-0039"}},"w":156,"x":64,"y":8}],"resolution":{"height":432,"width":768},"timestamp":47833333333},
{"objects":[{"color":{"confidence":0.4258926510810852,"label":"blue","label_id":5,"model":{"name":"vehicle-attributes-recognition-barrier-0039"}},"detection":{"bounding_box":{"x_max":0.2786458333333333,"x_min":0.07552083333333333,"y_max":0.32407407407407407,"y_min":0.0},"confidence":1.0,"label":"vehicle","label_id":0},"h":140,"id":6,"region_id":907,"roi_type":"vehicle","type":{"confidence":0.9619778990745544,"label":"van","label_id":1,"model":{"name":"vehicle-attributes-recognition-barrier-0039"}},"w":156,"x":58,"y":0}],"resolution":{"height":432,"width":768},"timestamp":47916666666},
{"objects":[{"color":{"confidence":0.4258926510810852,"label":"blue","label_id":5,"model":{"name":"vehicle-attributes-recognition-barrier-0039"}},"detection":{"bounding_box":{"x_max":0.2708333333333333,"x_min":0.06770833333333333,"y_max":0.32407407407407407,"y_min":0.0},"confidence":1.0,"label":"vehicle","label_id":0},"h":140,"id":6,"region_id":908,"roi_type":"vehicle","type":{"confidence":0.9619778990745544,"label":"van","label_id":1,"model":{"name":"vehicle-attributes-recognition-barrier-0039"}},"w":156,"x":52,"y":0}],"resolution":{"height":432,"width":768},"timestamp":48000000000},
{"objects":[{"color":{"confidence":0.4258926510810852,"label":"blue","label_id":5,"model":{"name":"vehicle-attributes-recognition-barrier-0039"}},"detection":{"bounding_box":{"x_max":0.2630208333333333,"x_min":0.059895833333333336,"y_max":0.32407407407407407,"y_min":0.0},"confidence":1.0,"label":"vehicle","label_id":0},"h":140,"id":6,"region_id":909,"roi_type":"vehicle","type":{"confidence":0.9619778990745544,"label":"van","label_id":1,"model":{"name":"vehicle-attributes-recognition-barrier-0039"}},"w":156,"x":46,"y":0}],"resolution":{"height":432,"width":768},"timestamp":48083333333},
{"objects":[{"color":{"confidence":0.4258926510810852,"label":"blue","label_id":5,"model":{"name":"vehicle-attributes-recognition-barrier-0039"}},"detection":{"bounding_box":{"x_max":0.2552083333333333,"x_min":0.052083333333333336,"y_max":0.32407407407407407,"y_min":0.0},"confidence":1.0,"label":"vehicle","label_id":0},"h":140,"id":6,"region_id":910,"roi_type":"vehicle","type":{"confidence":0.9619778990745544,"label":"van","label_id":1,"model":{"name":"vehicle-attributes-recognition-barrier-0039"}},"w":156,"x":40,"y":0}],"resolution":{"height":432,"width":768},"timestamp":48166666666},
{"objects":[{"color":{"confidence":0.4258926510810852,"label":"blue","label_id":5,"model":{"name":"vehicle-attributes-recognition-barrier-0039"}},"detection":{"bounding_box":{"x_max":0.24739583333333334,"x_min":0.044270833333333336,"y_max":0.32407407407407407,"y_min":0.0},"confidence":1.0,"label":"vehicle","label_id":0},"h":140,"id":6,"region_id":911,"roi_type":"vehicle","type":{"confidence":0.9619778990745544,"label":"van","label_id":1,"model":{"name":"vehicle-attributes-recognition-barrier-0039"}},"w":156,"x":34,"y":0}],"resolution":{"height":432,"width":768},"timestamp":48250000000},
{"objects":[{"color":{"confidence":0.9999361038208008,"label":"white","label_id":0,"model":{"name":"vehicle-attributes-recognition-barrier-0039"}},"detection":{"bounding_box":{"x_max":0.1854724946897477,"x_min":0.002214542357251048,"y_max":0.36577171087265015,"y_min":0.12350974977016449},"confidence":0.6950578093528748,"label":"vehicle","label_id":0},"h":105,"id":6,"region_id":892,"roi_type":"vehicle","type":{"confidence":0.9974159002304077,"label":"car","label_id":0,"model":{"name":"vehicle-attributes-recognition-barrier-0039"}},"w":141,"x":2,"y":53}],"resolution":{"height":432,"width":768},"timestamp":48333333333},
{"objects":[{"color":{"confidence":0.9999361038208008,"label":"white","label_id":0,"model":{"name":"vehicle-attributes-recognition-barrier-0039"}},"detection":{"bounding_box":{"x_max":0.1875,"x_min":0.0,"y_max":0.3402777777777778,"y_min":0.0763888888888889},"confidence":1.0,"label":"vehicle","label_id":0},"h":114,"id":6,"region_id":912,"roi_type":"vehicle","type":{"confidence":0.9974159002304077,"label":"car","label_id":0,"model":{"name":"vehicle-attributes-recognition-barrier-0039"}},"w":144,"x":0,"y":33}],"resolution":{"height":432,"width":768},"timestamp":48416666666},
{"objects":[{"color":{"confidence":0.9999361038208008,"label":"white","label_id":0,"model":{"name":"vehicle-attributes-recognition-barrier-0039"}},"detection":{"bounding_box":{"x_max":0.1875,"x_min":0.0,"y_max":0.3402777777777778,"y_min":0.0763888888888889},"confidence":1.0,"label":"vehicle","label_id":0},"h":114,"id":6,"region_id":913,"roi_type":"vehicle","type":{"confidence":0.9974159002304077,"label":"car","label_id":0,"model":{"name":"vehicle-attributes-recognition-barrier-0039"}},"w":144,"x":0,"y":33}],"resolution":{"height":432,"width":768},"timestamp":48500000000},
{"objects":[{"color":{"confidence":0.9999361038208008,"label":"white","label_id":0,"model":{"name":"vehicle-attributes-recognition-barrier-0039"}},"detection":{"bounding_box":{"x_max":0.1875,"x_min":0.0,"y_max":0.3402777777777778,"y_min":0.0763888888888889},"confidence":1.0,"label":"vehicle","label_id":0},"h":114,"id":6,"region_id":914,"roi_type":"vehicle","type":{"confidence":0.9974159002304077,"label":"car","label_id":0,"model":{"name":"vehicle-attributes-recognition-barrier-0039"}},"w":144,"x":0,"y":33}],"resolution":{"height":432,"width":768},"timestamp":48583333333},
{"objects":[{"color":{"confidence":0.9999361038208008,"label":"white","label_id":0,"model":{"name":"vehicle-attributes-recognition-barrier-0039"}},"detection":{"bounding_box":{"x_max":0.1875,"x_min":0.0,"y_max":0.33796296296296297,"y_min":0.07407407407407407},"confidence":1.0,"label":"vehicle","label_id":0},"h":114,"id":6,"region_id":915,"roi_type":"vehicle","type":{"confidence":0.9974159002304077,"label":"car","label_id":0,"model":{"name":"vehicle-attributes-recognition-barrier-0039"}},"w":144,"x":0,"y":32}],"resolution":{"height":432,"width":768},"timestamp":48666666666}]
